"","high"
"1",3455.55
"2",3503.65
"3",3495.7
"4",3518.65
"5",3543.95
"6",3568.97
"7",3591.73
"8",3538.85
"9",3483.41
"10",3470.37
"11",3621.9
"12",3668.38
"13",3648.37
"14",3616.48
"15",3654.75
"16",3640.53
"17",3618.21
"18",3617.07
"19",3678.27
"20",3607.61
"21",3632.56
"22",3659.31
"23",3654.88
"24",3669.53
"25",3673.76
"26",3596.38
"27",3585.66
"28",3459.65
"29",3346.28
"30",3391.06
"31",3417.2
"32",3411.71
"33",3439.76
"34",3441.57
"35",3457.52
"36",3422.02
"37",3373.78
"38",3447.26
"39",3425.52
"40",3423.4
"41",3393.02
"42",3338.3
"43",3307.32
"44",3298.63
"45",3318.71
"46",3192.72
"47",3172.28
"48",3073.3
"49",3068.3
"50",3103.07
"51",3149.95
"52",3151.17
"53",3164.04
"54",3213.48
"55",3159.88
"56",3122.05
"57",3204.7
"58",3182.93
"59",3081.7
"60",3229.48
"61",3223.76
"62",3243.28
"63",3256.74
"64",3174.71
"65",3217.58
"66",3194.49
"67",3180.33
"68",3207.86
"69",3235.84
"70",3085.42
"71",3092.04
"72",3123.03
"73",3388.36
"74",3652.84
"75",3788.01
"76",3811.43
"77",4006.34
"78",3994.54
"79",4000.68
"80",3955.79
"81",3937.77
"82",3970.34
"83",3943.62
"84",3756.74
"85",3710.57
"86",3782.35
"87",3757.03
"88",3648.94
"89",3729.51
"90",3844.37
"91",3792.07
"92",3762.53
"93",4051.16
"94",4184.45
"95",4132.61
"96",4042.34
"97",4041.82
"98",4021.33
"99",3994.48
"100",3877.51
"101",3914.27
"102",4035.44
"103",4030.2
"104",3959.22
"105",3748.48
"106",3599.25
"107",3750.57
"108",3975.21
"109",3927.13
"110",4080.39
"111",4317.05
"112",4279.97
"113",4297.48
"114",4456.9
"115",4720.7
"116",4691.77
"117",4577.94
"118",4744.08
"119",4966.77
"120",4983.66
"121",5029.68
"122",5176.8
"123",5178.19
"124",5122.46
"125",5164.16
"126",5147.45
"127",5146.95
"128",5051.63
"129",4947.97
"130",4942.07
"131",4911.57
"132",4829.5
"133",4698.19
"134",4986.5
"135",4958.16
"136",4911.69
"137",4814.67
"138",4658.27
"139",4530.48
"140",4520.54
"141",4418.4
"142",4324.83
"143",4366.82
"144",4397.75
"145",4415.63
"146",4402.31
"147",4334.88
"148",4206.86
"149",4213.76
"150",4376.35
"151",4488.87
"152",4487.57
"153",4507.34
"154",4499.95
"155",4572.39
"156",4529.74
"157",4416.38
"158",4444.41
"159",4400.19
"160",4294.38
"161",4356
"162",4317.22
"163",4195.31
"164",4175.49
"165",4168.35
"166",4128.07
"167",4040.35
"168",4016.4
"169",4000.22
"170",3961.67
"171",3864.41
"172",3835.45
"173",3817.08
"174",3835.57
"175",3795.94
"176",3710.48
"177",3707.32
"178",3693.15
"179",3715.87
"180",3688.25
"181",3632.34
"182",3600.68
"183",3577.66
"184",3504.12
"185",3449.31
"186",3391.26
"187",3360.05
"188",3325.05
"189",3309.92
"190",3307.7
"191",3266.93
"192",3266.64
"193",3286.59
"194",3317.7
"195",3336.76
"196",3324.55
"197",3300.62
"198",3257.22
"199",3255.73
"200",3228.85
"201",3237.16
"202",3181.77
"203",3166.42
"204",3142.1
"205",3119.03
"206",3129.54
"207",3251.21
"208",3238.98
"209",3207.94
"210",3175.13
"211",3288.5
"212",3286.79
"213",3354.8
"214",3390.22
"215",3384.8
"216",3406.79
"217",3352.38
"218",3337
"219",3190.25
"220",3262.21
"221",3400.32
"222",3337.08
"223",3268.48
"224",3259.39
"225",3275.19
"226",3404.83
"227",3381.57
"228",3374.9
"229",3394.22
"230",3369.28
"231",3239.36
"232",3190.3
"233",3223.86
"234",3164.16
"235",3073.35
"236",3050.51
"237",3136.84
"238",3189.87
"239",3117.53
"240",3089.79
"241",3076.6
"242",3021.9
"243",2960.23
"244",2962.51
"245",2965.68
"246",2946.71
"247",3091.32
"248",3041.66
"249",2978.03
"250",2900.51
"251",2824.18
"252",2777.37
"253",2720.74
"254",2683.18
"255",2631.4
"256",2605.07
"257",2568.38
"258",2546.75
"259",2488.2
"260",2458.32
"261",2461.49
"262",2477.05
"263",2508.77
"264",2481.03
"265",2507.74
"266",2494.92
"267",2508.62
"268",2474.16
"269",2454.42
"270",2426.89
"271",2434.36
"272",2435.22
"273",2436.79
"274",2423.6
"275",2397.26
"276",2381.64
"277",2338.28
"278",2293.64
"279",2314.88
"280",2329.93
"281",2352.12
"282",2361.65
"283",2357.51
"284",2360.6
"285",2389.68
"286",2374.81
"287",2380.52
"288",2366.86
"289",2386.28
"290",2391.35
"291",2382.79
"292",2365.49
"293",2363.06
"294",2350.11
"295",2365.15
"296",2345.75
"297",2311.53
"298",2323.55
"299",2331.56
"300",2319.88
"301",2309.05
"302",2347.94
"303",2340.45
"304",2331.95
"305",2343.6
"306",2321.91
"307",2331.92
"308",2327.56
"309",2307.7
"310",2290.55
"311",2267.51
"312",2236.29
"313",2218.7
"314",2219.47
"315",2216.67
"316",2232.79
"317",2241.55
"318",2243.3
"319",2240.08
"320",2248.94
"321",2246.02
"322",2242.04
"323",2230.87
"324",2230.89
"325",2230.99
"326",2222.98
"327",2225.96
"328",2199.58
"329",2220.57
"330",2223.89
"331",2226.84
"332",2224.07
"333",2218.79
"334",2202.13
"335",2194.57
"336",2193.52
"337",2181.5
"338",2127.22
"339",2107.95
"340",2088.19
"341",2078.09
"342",2061.82
"343",2067.23
"344",2062.89
"345",2075.49
"346",2070.36
"347",2067.34
"348",2051.74
"349",2045.53
"350",2062.47
"351",2064.43
"352",2064.04
"353",2065.08
"354",2066.64
"355",2060.6
"356",2052.64
"357",2052.34
"358",2043.98
"359",2040.75
"360",2030.62
"361",2034.71
"362",2033.32
"363",2027.15
"364",2059.26
"365",2066.91
"366",2080.48
"367",2087.32
"368",2073.6
"369",2057.11
"370",2056.63
"371",2052.77
"372",2045.26
"373",2041.57
"374",2041.7
"375",2038.48
"376",2049.58
"377",2046.96
"378",2057.08
"379",2052.66
"380",2044.15
"381",2045.38
"382",2034.57
"383",2041.96
"384",2025.19
"385",2018.16
"386",2023.27
"387",2027.76
"388",2047.32
"389",2056.57
"390",2061.06
"391",2055.51
"392",2020.45
"393",2036.94
"394",2024.63
"395",2038.71
"396",2028.96
"397",2029.54
"398",2021.68
"399",2035.99
"400",2065.64
"401",2075.76
"402",2076.35
"403",2073.66
"404",2103.08
"405",2099.64
"406",2110.72
"407",2112.05
"408",2125.9
"409",2134.43
"410",2138.65
"411",2146.67
"412",2108.75
"413",2102.45
"414",2060.1
"415",2066.01
"416",2060.78
"417",2050.68
"418",2048.13
"419",2060.13
"420",2073.98
"421",2074.57
"422",2079.55
"423",2074.06
"424",2052.47
"425",2030.85
"426",2022.18
"427",2034.92
"428",2024.37
"429",2017.91
"430",2029.12
"431",2011.06
"432",2008.07
"433",2042.63
"434",2079.49
"435",2065.79
"436",2074.82
"437",2074.03
"438",2078.33
"439",2058.49
"440",2068.31
"441",2041.63
"442",2087.62
"443",2099.72
"444",2132.7
"445",2177.98
"446",2152.96
"447",2134.14
"448",2136.45
"449",2116.19
"450",2122.83
"451",2110.9
"452",2111.06
"453",2087.98
"454",2044.73
"455",2045.93
"456",2051.58
"457",2047.13
"458",2044.85
"459",2060.99
"460",2052.53
"461",2052.34
"462",2014.15
"463",2005.94
"464",2017.87
"465",2034.71
"466",2027.41
"467",2027.43
"468",2027.18
"469",2029.3
"470",2057.2
"471",2062.95
"472",2052.28
"473",2078.68
"474",2102.17
"475",2113.11
"476",2120.27
"477",2112.01
"478",2110.36
"479",2102.66
"480",2107.23
"481",2111.81
"482",2099.52
"483",2131.74
"484",2159.14
"485",2156.59
"486",2165.54
"487",2201.7
"488",2204.64
"489",2214.55
"490",2228.63
"491",2250.5
"492",2249.17
"493",2248.15
"494",2255.26
"495",2260.87
"496",2227.93
"497",2231.92
"498",2224.94
"499",2234.39
"500",2207.62
"501",2192.58
"502",2209.15
"503",2211.07
"504",2206.53
"505",2207.11
"506",2203.3
"507",2198.32
"508",2153.21
"509",2102.38
"510",2117.91
"511",2127.94
"512",2117.28
"513",2128.58
"514",2141.6
"515",2166.17
"516",2158.15
"517",2160.58
"518",2157.31
"519",2155.51
"520",2161.94
"521",2163.66
"522",2140.96
"523",2170.61
"524",2183.41
"525",2226.85
"526",2227.34
"527",2230.29
"528",2203.29
"529",2211.03
"530",2228.11
"531",2240.25
"532",2242.98
"533",2228.87
"534",2214.59
"535",2212.35
"536",2200.02
"537",2176.3
"538",2165.78
"539",2192.23
"540",2217.97
"541",2219.54
"542",2223.07
"543",2195.9
"544",2230.93
"545",2248.47
"546",2259.42
"547",2270.27
"548",2258.08
"549",2238.55
"550",2218.53
"551",2143.24
"552",2127.86
"553",2133
"554",2123.85
"555",2108.68
"556",2114.39
"557",2110.89
"558",2113.82
"559",2105.38
"560",2097.34
"561",2079.85
"562",2083.33
"563",2076.32
"564",2098.98
"565",2091.13
"566",2198.85
"567",2108.41
"568",2122.97
"569",2106.4
"570",2102.35
"571",2061.71
"572",2058.56
"573",2069.56
"574",2066.74
"575",2050.91
"576",2047.08
"577",2029.93
"578",2015.47
"579",2006.23
"580",1997.84
"581",2021.57
"582",2045.37
"583",2042.77
"584",2051.53
"585",2005.47
"586",2035.22
"587",2043.37
"588",2075.81
"589",2066.36
"590",2076.67
"591",2074.86
"592",2092.87
"593",2009.36
"594",1969.15
"595",1983.22
"596",2021.54
"597",2022.14
"598",1996.54
"599",2007.62
"600",1995.92
"601",1987.98
"602",1980.54
"603",1959.16
"604",1963.57
"605",2068.86
"606",2085.86
"607",2132.81
"608",2150.82
"609",2161.68
"610",2169.36
"611",2163.85
"612",2190.1
"613",2250.63
"614",2266.69
"615",2276.87
"616",2297.1
"617",2313.43
"618",2325.53
"619",2325.72
"620",2334.34
"621",2322.1
"622",2301.7
"623",2292.6
"624",2304.95
"625",2314.18
"626",2305.3
"627",2309.39
"628",2288.09
"629",2252.87
"630",2225.19
"631",2239.93
"632",2250.85
"633",2247.67
"634",2247.86
"635",2255.21
"636",2240.26
"637",2236.07
"638",2222.81
"639",2179.65
"640",2210.58
"641",2224.63
"642",2226.12
"643",2242.62
"644",2245.12
"645",2250.11
"646",2206.03
"647",2197.51
"648",2196.43
"649",2204.99
"650",2226.26
"651",2242.48
"652",2233.04
"653",2234.73
"654",2212.59
"655",2241.34
"656",2253.42
"657",2243.95
"658",2246.87
"659",2273.55
"660",2323.48
"661",2319.99
"662",2344.89
"663",2332
"664",2330.81
"665",2317.86
"666",2261.31
"667",2276.05
"668",2312.08
"669",2276.22
"670",2286.33
"671",2333.29
"672",2320.96
"673",2333.67
"674",2352.02
"675",2351.44
"676",2328.14
"677",2333.54
"678",2369.65
"679",2366.16
"680",2324.63
"681",2340.71
"682",2338.78
"683",2330.88
"684",2378.82
"685",2397.94
"686",2427.08
"687",2444.8
"688",2443.03
"689",2433.89
"690",2441.73
"691",2437.42
"692",2440.38
"693",2421.15
"694",2391.82
"695",2383.76
"696",2363.8
"697",2346.92
"698",2308.38
"699",2362.94
"700",2325.12
"701",2335.81
"702",2329.58
"703",2324.51
"704",2305.6
"705",2326.76
"706",2332.78
"707",2317.62
"708",2290.21
"709",2295.48
"710",2283.9
"711",2289.14
"712",2293.32
"713",2296.11
"714",2269.51
"715",2234.87
"716",2234.72
"717",2220.48
"718",2220.26
"719",2170.39
"720",2190.4
"721",2174.82
"722",2175.4
"723",2183.71
"724",2169.57
"725",2152.5
"726",2081.36
"727",2085.93
"728",2088.64
"729",2087.01
"730",2065.75
"731",2036.61
"732",2040.6
"733",1980.12
"734",1988.19
"735",1983.42
"736",1980.56
"737",1984.86
"738",2014.21
"739",2027.27
"740",2034.88
"741",2023.09
"742",2031.15
"743",2023.61
"744",2018.38
"745",2028.69
"746",2053.56
"747",2056.49
"748",2078.13
"749",2079.57
"750",2077.23
"751",2092.57
"752",2112.63
"753",2114.79
"754",2123.33
"755",2119.22
"756",2109.5
"757",2070.48
"758",2075.91
"759",2068.24
"760",2102.16
"761",2128.74
"762",2124
"763",2136.22
"764",2138.03
"765",2136.87
"766",2137.69
"767",2113.16
"768",2111.78
"769",2107.2
"770",2127.31
"771",2117.84
"772",2121.99
"773",2119.34
"774",2096.26
"775",2089.63
"776",2068.07
"777",2033.04
"778",2039.1
"779",2040.85
"780",2041.95
"781",2060.31
"782",2069.95
"783",2074.76
"784",2121.58
"785",2136.23
"786",2130.08
"787",2137.89
"788",2127.52
"789",2140.17
"790",2145
"791",2052.95
"792",2048.32
"793",2063.82
"794",2066.78
"795",2059.3
"796",2060.19
"797",2073.95
"798",2083.96
"799",2085.37
"800",2109.82
"801",2118.74
"802",2121.15
"803",2124.2
"804",2110.78
"805",2120.71
"806",2122.68
"807",2139.14
"808",2144.01
"809",2164.04
"810",2176.8
"811",2175.55
"812",2168.73
"813",2159.68
"814",2158.68
"815",2133.27
"816",2126.46
"817",2130.71
"818",2116.9
"819",2137.74
"820",2139.15
"821",2147.66
"822",2151.45
"823",2158.95
"824",2154.17
"825",2185.73
"826",2197.79
"827",2170.3
"828",2165.34
"829",2188.06
"830",2198.66
"831",2197.04
"832",2176.49
"833",2178.2
"834",2216.7
"835",2227.47
"836",2218.22
"837",2239.27
"838",2244.83
"839",2234.87
"840",2226.49
"841",2224.16
"842",2233.54
"843",2229.24
"844",2253.51
"845",2288.45
"846",2304.46
"847",2313.46
"848",2325.05
"849",2314.24
"850",2314.59
"851",2319.71
"852",2298.95
"853",2311.77
"854",2306.88
"855",2328.67
"856",2323.11
"857",2323.3
"858",2348.2
"859",2388.09
"860",2382.99
"861",2391.69
"862",2393.28
"863",2361.74
"864",2355.81
"865",2373.06
"866",2378.08
"867",2374.06
"868",2360.39
"869",2369.6
"870",2383.31
"871",2372.03
"872",2376.59
"873",2411.27
"874",2415.98
"875",2419.12
"876",2432.47
"877",2451.6
"878",2451.95
"879",2453.73
"880",2441.95
"881",2446.35
"882",2408.42
"883",2414.75
"884",2411.42
"885",2415.75
"886",2411.51
"887",2407.29
"888",2386.98
"889",2383.64
"890",2363.01
"891",2364.11
"892",2369.7
"893",2351.06
"894",2319.05
"895",2306.39
"896",2304.65
"897",2309.64
"898",2303.82
"899",2266.21
"900",2280.96
"901",2341.42
"902",2363.77
"903",2358
"904",2371.26
"905",2386.1
"906",2396.72
"907",2407.54
"908",2412.34
"909",2406.15
"910",2403.74
"911",2476.22
"912",2457.22
"913",2440.86
"914",2440.51
"915",2426.7
"916",2413.7
"917",2442
"918",2469.84
"919",2461.12
"920",2437.87
"921",2453.07
"922",2458.65
"923",2478.38
"924",2439.98
"925",2416.81
"926",2404.44
"927",2382.15
"928",2388.01
"929",2372.51
"930",2373.8
"931",2374.28
"932",2352.47
"933",2365.34
"934",2368.98
"935",2363.61
"936",2350.97
"937",2319.71
"938",2341.58
"939",2336.27
"940",2312.56
"941",2305.86
"942",2296.38
"943",2324.49
"944",2322.89
"945",2305.71
"946",2311.58
"947",2298.38
"948",2241.26
"949",2281.53
"950",2295.22
"951",2290.64
"952",2288.63
"953",2226.22
"954",2164.32
"955",2183.4
"956",2217.52
"957",2200.99
"958",2181.96
"959",2170.67
"960",2196.97
"961",2213.45
"962",2219.79
"963",2201.59
"964",2237.47
"965",2239.86
"966",2221.45
"967",2225.54
"968",2216.91
"969",2256.74
"970",2285.81
"971",2315.81
"972",2331.26
"973",2346.65
"974",2339.85
"975",2331.89
"976",2363.13
"977",2378.3
"978",2423.56
"979",2407.33
"980",2413.33
"981",2396.83
"982",2403.94
"983",2409.72
"984",2418.56
"985",2414.85
"986",2419.24
"987",2448.51
"988",2482.53
"989",2529.46
"990",2534.06
"991",2529.63
"992",2496.53
"993",2507.45
"994",2527.7
"995",2524.82
"996",2536.18
"997",2536.78
"998",2535.24
"999",2505.12
"1000",2491.36
"1001",2478.31
"1002",2483.76
"1003",2449.7
"1004",2448.98
"1005",2414.05
"1006",2371.09
"1007",2340.32
"1008",2368.64
"1009",2401.69
"1010",2425.65
"1011",2452.99
"1012",2437.59
"1013",2439.64
"1014",2421.69
"1015",2412.38
"1016",2368.15
"1017",2377.54
"1018",2387.54
"1019",2430.27
"1020",2423.91
"1021",2441.73
"1022",2440.75
"1023",2499.98
"1024",2517.67
"1025",2460.03
"1026",2469.6
"1027",2499.48
"1028",2496.57
"1029",2485.93
"1030",2477.08
"1031",2528.42
"1032",2524.38
"1033",2516.75
"1034",2482.24
"1035",2510.1
"1036",2557.31
"1037",2584.8
"1038",2574.42
"1039",2615.14
"1040",2595.47
"1041",2616.64
"1042",2616.3
"1043",2569.28
"1044",2554.18
"1045",2553.42
"1046",2538.27
"1047",2603.49
"1048",2617.17
"1049",2636.36
"1050",2627.1
"1051",2605.45
"1052",2582.16
"1053",2579.16
"1054",2537.41
"1055",2614.19
"1056",2644.58
"1057",2698.82
"1058",2688.07
"1059",2689.97
"1060",2712.89
"1061",2721.53
"1062",2712.09
"1063",2726.8
"1064",2704.94
"1065",2759.63
"1066",2782.17
"1067",2799.85
"1068",2817.29
"1069",2809.32
"1070",2826.96
"1071",2821.34
"1072",2811.7
"1073",2797.27
"1074",2783.72
"1075",2807.32
"1076",2807.38
"1077",2825.12
"1078",2811.82
"1079",2818.14
"1080",2813.27
"1081",2778.67
"1082",2774.37
"1083",2759.23
"1084",2763.28
"1085",2769.04
"1086",2759.71
"1087",2693.42
"1088",2657.73
"1089",2648.02
"1090",2637.88
"1091",2675.03
"1092",2691.94
"1093",2730.48
"1094",2735.55
"1095",2703.42
"1096",2707.74
"1097",2747.33
"1098",2754.12
"1099",2745.77
"1100",2732.43
"1101",2728
"1102",2744.56
"1103",2744.93
"1104",2728.06
"1105",2746.84
"1106",2764.89
"1107",2771.18
"1108",2771.75
"1109",2853.29
"1110",2866.76
"1111",2884.14
"1112",2877.43
"1113",2869.23
"1114",2877.09
"1115",2871.99
"1116",2876.45
"1117",2897.14
"1118",2891.03
"1119",2885.18
"1120",2881.71
"1121",2880.13
"1122",2916.97
"1123",2933.46
"1124",2913.56
"1125",2953.19
"1126",2961.13
"1127",2970.28
"1128",3003.61
"1129",3032.97
"1130",3035.47
"1131",3019.12
"1132",3038.81
"1133",3067.46
"1134",3062.53
"1135",3058.24
"1136",3050.4
"1137",3039.12
"1138",3059.57
"1139",3031.1
"1140",3012.29
"1141",3005.24
"1142",2967.85
"1143",2961.63
"1144",2968.18
"1145",2994.17
"1146",3005.78
"1147",2985.08
"1148",2958.66
"1149",2950.42
"1150",2923.39
"1151",2927.07
"1152",2930.61
"1153",2935.63
"1154",2934.02
"1155",2927.98
"1156",2939.65
"1157",2966.98
"1158",2995.77
"1159",3012.04
"1160",3001.62
"1161",3000.43
"1162",2944.46
"1163",2937.56
"1164",2924.96
"1165",2931.58
"1166",2906.17
"1167",2890.32
"1168",2881.54
"1169",2868.48
"1170",2944.41
"1171",2932.82
"1172",2924.23
"1173",2939.28
"1174",2924.19
"1175",2934.47
"1176",2906.26
"1177",2835.41
"1178",2819.06
"1179",2804.21
"1180",2805.05
"1181",2790.92
"1182",2759.44
"1183",2753
"1184",2710.74
"1185",2701.04
"1186",2736.11
"1187",2746.18
"1188",2752.8
"1189",2759.6
"1190",2715.41
"1191",2780.94
"1192",2817.05
"1193",2837.53
"1194",2828.47
"1195",2810.76
"1196",2847.36
"1197",2868.01
"1198",2853.88
"1199",2850.49
"1200",2855.4
"1201",2808.93
"1202",2768.13
"1203",2753.03
"1204",2775.15
"1205",2876.81
"1206",2853.49
"1207",2893.71
"1208",2917.2
"1209",2908.17
"1210",2911.56
"1211",2898.81
"1212",2921.28
"1213",2939.05
"1214",2933.41
"1215",2923.77
"1216",2850.42
"1217",2854.7
"1218",2880.56
"1219",2884.53
"1220",2871.41
"1221",2853.4
"1222",2870.81
"1223",2834.2
"1224",2881.16
"1225",2878.83
"1226",2894.42
"1227",2901.68
"1228",2861.49
"1229",2872.17
"1230",2904.97
"1231",2888.75
"1232",2873.7
"1233",2891.05
"1234",3007.64
"1235",3016.13
"1236",3150.15
"1237",3186.72
"1238",3124.26
"1239",3159.02
"1240",3160.7
"1241",3142.59
"1242",3087.42
"1243",3069.07
"1244",3089.57
"1245",3054.05
"1246",2996.77
"1247",3007.01
"1248",3056.4
"1249",3073.38
"1250",3051.54
"1251",2997.62
"1252",3018.24
"1253",3041.15
"1254",3002.37
"1255",3026.1
"1256",2971.16
"1257",2919.41
"1258",2862.04
"1259",2843.43
"1260",2823.6
"1261",2747.81
"1262",2656
"1263",2634.12
"1264",2625.33
"1265",2629.05
"1266",2601.1
"1267",2607.35
"1268",2615.08
"1269",2653.27
"1270",2688.49
"1271",2703.78
"1272",2696.67
"1273",2667.84
"1274",2698.64
"1275",2695.85
"1276",2704.93
"1277",2698.6
"1278",2660.54
"1279",2659.98
"1280",2662.88
"1281",2647.25
"1282",2656.36
"1283",2613.49
"1284",2616.96
"1285",2645.5
"1286",2667.17
"1287",2656.12
"1288",2683.29
"1289",2701.93
"1290",2687.76
"1291",2677.57
"1292",2665.31
"1293",2607.03
"1294",2608.76
"1295",2618.45
"1296",2675.31
"1297",2676.09
"1298",2659.41
"1299",2640.59
"1300",2638.9
"1301",2681.79
"1302",2675.76
"1303",2643.04
"1304",2656.41
"1305",2636
"1306",2588
"1307",2589.48
"1308",2579.52
"1309",2563.24
"1310",2553.45
"1311",2530.33
"1312",2484.19
"1313",2428.46
"1314",2487.24
"1315",2494.59
"1316",2468.69
"1317",2501.02
"1318",2485.6
"1319",2436.28
"1320",2421.68
"1321",2409.78
"1322",2378.09
"1323",2386.4
"1324",2410.77
"1325",2411.44
"1326",2541.14
"1327",2561.49
"1328",2572.83
"1329",2586.9
"1330",2593.67
"1331",2598.35
"1332",2587.34
"1333",2568.86
"1334",2595.51
"1335",2590.98
"1336",2581.05
"1337",2589.47
"1338",2531.88
"1339",2527.1
"1340",2556.97
"1341",2596.14
"1342",2572.34
"1343",2598.9
"1344",2665.39
"1345",2686.54
"1346",2662.08
"1347",2644.94
"1348",2659.74
"1349",2680.49
"1350",2584.45
"1351",2609.64
"1352",2623.96
"1353",2603.32
"1354",2663.88
"1355",2712.86
"1356",2711.07
"1357",2668.12
"1358",2751.07
"1359",2713.06
"1360",2732.18
"1361",2838.95
"1362",2857.29
"1363",2862.56
"1364",2875.81
"1365",2928.93
"1366",2916.68
"1367",2962.15
"1368",2996.83
"1369",3015.63
"1370",3023.64
"1371",3034.33
"1372",2998.91
"1373",3096.79
"1374",3159.67
"1375",3181.66
"1376",3167.66
"1377",3173.63
"1378",3156.21
"1379",3146.46
"1380",3143.83
"1381",3161.08
"1382",3177.97
"1383",3159.6
"1384",3148.34
"1385",3130.11
"1386",3132.58
"1387",3130.28
"1388",3067.71
"1389",3051.36
"1390",3076.75
"1391",3082.97
"1392",3083.35
"1393",3069.66
"1394",3063.59
"1395",3050.76
"1396",2993.84
"1397",3013.52
"1398",3057.52
"1399",3070.94
"1400",3085.99
"1401",3084.85
"1402",3058.83
"1403",3044.17
"1404",3102.4
"1405",3098.46
"1406",3095.99
"1407",3093.1
"1408",3067.53
"1409",3063
"1410",3023.74
"1411",2998.91
"1412",3026.66
"1413",3018.86
"1414",3001.64
"1415",2983.18
"1416",2957.47
"1417",2954.27
"1418",2959.23
"1419",3015.13
"1420",3005.13
"1421",2990.75
"1422",2981.37
"1423",3024.85
"1424",3006.04
"1425",3028.65
"1426",3107.2
"1427",3137
"1428",3147.83
"1429",3176.15
"1430",3255.13
"1431",3268.81
"1432",3238.24
"1433",3241.82
"1434",3219.02
"1435",3232.82
"1436",3275.2
"1437",3306.75
"1438",3198.92
"1439",3268.82
"1440",3295.87
"1441",3290.51
"1442",3295.28
"1443",3282.21
"1444",3267
"1445",3212.52
"1446",3202.09
"1447",3154.77
"1448",3156.53
"1449",3078.84
"1450",3129.31
"1451",3123.99
"1452",3169.58
"1453",3272.98
"1454",3299.33
"1455",3303.18
"1456",3315.03
"1457",3280.94
"1458",3276.13
"1459",3284.65
"1460",3330.38
"1461",3334.01
"1462",3319.13
"1463",3270.37
"1464",3278.27
"1465",3240.66
"1466",3195.88
"1467",3169.76
"1468",3305.33
"1469",3291.17
"1470",3361.39
"1471",3339.31
"1472",3332.53
"1473",3329.03
"1474",3315.87
"1475",3298.38
"1476",3275.55
"1477",3189.09
"1478",3199.87
"1479",3186.6
"1480",3211.11
"1481",3176.66
"1482",3183.57
"1483",3158.72
"1484",3141.45
"1485",3121.2
"1486",3077.91
"1487",3027.13
"1488",2993.44
"1489",3038.06
"1490",3086.09
"1491",3123.36
"1492",3123.46
"1493",3080.66
"1494",3105.51
"1495",3084.94
"1496",3039.61
"1497",3008.18
"1498",3014.26
"1499",3010.61
"1500",2937.82
"1501",2932.08
"1502",2912.55
"1503",2803.86
"1504",2779.69
"1505",2857.95
"1506",2864.08
"1507",2886.26
"1508",2924.2
"1509",2982.9
"1510",2968.7
"1511",3068.03
"1512",3064.23
"1513",3028.56
"1514",3050.43
"1515",3033.08
"1516",2999.33
"1517",2958.95
"1518",2962.29
"1519",2931.23
"1520",2919.35
"1521",2875.98
"1522",2854.16
"1523",2729.71
"1524",2727.08
"1525",2817.63
"1526",2949.43
"1527",2988.03
"1528",2995.8
"1529",2980.1
"1530",3004.9
"1531",2969.52
"1532",2914.64
"1533",2929.06
"1534",2920.64
"1535",3020.26
"1536",3146.01
"1537",3150.37
"1538",3255.99
"1539",3273.02
"1540",3307.89
"1541",3374.46
"1542",3419.74
"1543",3468.1
"1544",3478.01
"1545",3465.17
"1546",3414.15
"1547",3336.64
"1548",3454.02
"1549",3439.92
"1550",3435.93
"1551",3398.05
"1552",3331.06
"1553",3301.43
"1554",3279.59
"1555",3269.18
"1556",3197.23
"1557",3221.07
"1558",3188.91
"1559",3147.59
"1560",3112.88
"1561",3140.04
"1562",3123.51
"1563",3097.96
"1564",3130.07
"1565",3128.31
"1566",3088.86
"1567",3062.56
"1568",3009.71
"1569",2997.27
"1570",2976.92
"1571",2937.61
"1572",2946.9
"1573",2923.47
"1574",2941.06
"1575",2923.24
"1576",2886.5
"1577",2855.42
"1578",2813.61
"1579",2797.48
"1580",2790.98
"1581",2812.68
"1582",2828.74
"1583",2820.58
"1584",2788.37
"1585",2795.15
"1586",2791.65
"1587",2778.24
"1588",2778.68
"1589",2750.88
"1590",2726.72
"1591",2635.31
"1592",2618.8
"1593",2618.36
"1594",2617.75
"1595",2663.23
"1596",2686.35
"1597",2688.11
"1598",2656.84
"1599",2661.37
"1600",2651.49
"1601",2670.21
"1602",2619.69
"1603",2663.95
"1604",2634.06
"1605",2622.11
"1606",2596.93
"1607",2590.78
"1608",2560.54
"1609",2491.07
"1610",2477.73
"1611",2411.44
"1612",2452.93
"1613",2481.53
"1614",2474.15
"1615",2579.22
"1616",2552.6
"1617",2559.04
"1618",2539.35
"1619",2549.31
"1620",2542.54
"1621",2532.09
"1622",2522.45
"1623",2444.98
"1624",2380.94
"1625",2435.39
"1626",2449.54
"1627",2456.81
"1628",2450
"1629",2422.63
"1630",2375.71
"1631",2380.19
"1632",2392.77
"1633",2362.05
"1634",2355.69
"1635",2369.45
"1636",2329.18
"1637",2294.12
"1638",2268.14
"1639",2255.01
"1640",2225.19
"1641",2158.9
"1642",2166.02
"1643",2136.8
"1644",2203.53
"1645",2159.27
"1646",2232.67
"1647",2221.04
"1648",2241.76
"1649",2201.73
"1650",2088.63
"1651",2102.11
"1652",2123.24
"1653",2237.55
"1654",2234.02
"1655",2295.59
"1656",2313.59
"1657",2262.33
"1658",2247.62
"1659",2295.74
"1660",2402.81
"1661",2389.88
"1662",2323.12
"1663",2274.2
"1664",2305.71
"1665",2266.4
"1666",2238.89
"1667",2185.09
"1668",2149.48
"1669",2108.26
"1670",2060.93
"1671",2012.74
"1672",2008.79
"1673",2009.85
"1674",2007.91
"1675",1994.81
"1676",2018.51
"1677",1984.73
"1678",1937.73
"1679",1929.28
"1680",1888.31
"1681",1924.44
"1682",1909.35
"1683",1894.17
"1684",1948.23
"1685",1938.69
"1686",1880.72
"1687",1844.37
"1688",1862.94
"1689",1856.33
"1690",1866.63
"1691",1877.77
"1692",1887.31
"1693",1990.05
"1694",2016.45
"1695",2038.66
"1696",2016.57
"1697",2003.38
"1698",1976.72
"1699",1989.3
"1700",2023.18
"1701",2087.2
"1702",2079.55
"1703",2100.81
"1704",2091.28
"1705",2019.75
"1706",2055.21
"1707",1965.83
"1708",1907.78
"1709",1895.76
"1710",1915.27
"1711",2022.48
"1712",1914.71
"1713",1939.37
"1714",1974.47
"1715",2013.18
"1716",2030.87
"1717",2023.91
"1718",2050.88
"1719",2031.1
"1720",1987.26
"1721",1942.9
"1722",1863.9
"1723",1887.8
"1724",1876.16
"1725",1762.23
"1726",1728.22
"1727",1788.26
"1728",1717.1
"1729",1750.32
"1730",1765.68
"1731",1788.2
"1732",1795.09
"1733",1786.44
"1734",1809.23
"1735",1888.1
"1736",1879.85
"1737",1950.79
"1738",1996.66
"1739",1979.84
"1740",1941.3
"1741",1943.32
"1742",2013.49
"1743",2146.73
"1744",2074.47
"1745",2027.83
"1746",2130.87
"1747",2127.09
"1748",2183
"1749",2267.39
"1750",2310.45
"1751",2333.28
"1752",2218.29
"1753",2253.4
"1754",2269.73
"1755",2075.09
"1756",1942.85
"1757",1999.95
"1758",2049.81
"1759",2104.63
"1760",2148.12
"1761",2185.69
"1762",2161.35
"1763",2220.55
"1764",2238.32
"1765",2295.36
"1766",2321.54
"1767",2329.01
"1768",2380.47
"1769",2420.85
"1770",2374.25
"1771",2385.99
"1772",2403.02
"1773",2443.99
"1774",2426.71
"1775",2518.44
"1776",2523.47
"1777",2355.93
"1778",2455.5
"1779",2476.86
"1780",2454.25
"1781",2458.77
"1782",2484.75
"1783",2601.5
"1784",2725.93
"1785",2742.71
"1786",2743.11
"1787",2762.26
"1788",2793.26
"1789",2830.76
"1790",2848
"1791",2894.37
"1792",2868.01
"1793",2924.45
"1794",2888.58
"1795",2912.7
"1796",2887.58
"1797",2868.62
"1798",2865.07
"1799",2785.53
"1800",2773.28
"1801",2765.15
"1802",2896.33
"1803",2895.3
"1804",2888.29
"1805",2952.04
"1806",2920.55
"1807",2843.6
"1808",2801.53
"1809",2713.48
"1810",2746.37
"1811",2700.9
"1812",2753.33
"1813",2766.8
"1814",2822.26
"1815",2931.31
"1816",2910.48
"1817",2817.17
"1818",2813.14
"1819",2917.33
"1820",2921.72
"1821",2945.42
"1822",2893.47
"1823",2917.81
"1824",2976.45
"1825",3031.06
"1826",3064.2
"1827",3215.5
"1828",3371.28
"1829",3376.34
"1830",3428.47
"1831",3469.06
"1832",3483.61
"1833",3450.49
"1834",3481.73
"1835",3486.33
"1836",3383.68
"1837",3443.99
"1838",3521.39
"1839",3558.02
"1840",3560.53
"1841",3632.01
"1842",3624.84
"1843",3661.07
"1844",3706.72
"1845",3661.97
"1846",3615.06
"1847",3668.86
"1848",3693.16
"1849",3658.05
"1850",3774.07
"1851",3786.02
"1852",3768.22
"1853",3705.09
"1854",3544.23
"1855",3530.91
"1856",3658.55
"1857",3593.2
"1858",3296.72
"1859",3148.73
"1860",3305.17
"1861",3203.71
"1862",3352.95
"1863",3363.22
"1864",3349.76
"1865",3427.88
"1866",3517.82
"1867",3474.31
"1868",3606.89
"1869",3656.96
"1870",3613.48
"1871",3456.95
"1872",3464.53
"1873",3493.13
"1874",3555.82
"1875",3590.75
"1876",3541.28
"1877",3698.33
"1878",3659.21
"1879",3840.48
"1880",3838.06
"1881",3857.62
"1882",3813.89
"1883",3862.77
"1884",3941.26
"1885",4000.78
"1886",4055.45
"1887",4272.98
"1888",4165.92
"1889",4265.61
"1890",4341.3
"1891",4427.5
"1892",4352.82
"1893",4472.15
"1894",4456.96
"1895",4364.81
"1896",4344.93
"1897",4360.7
"1898",4331.64
"1899",4391.33
"1900",4500.39
"1901",4568.21
"1902",4695.8
"1903",4665.55
"1904",4601.22
"1905",4523.79
"1906",4576.98
"1907",4547.54
"1908",4662.97
"1909",4672.21
"1910",4411.7
"1911",4487.32
"1912",4554.34
"1913",4517.6
"1914",4720.56
"1915",4806.89
"1916",4767.8
"1917",4705.07
"1918",4818
"1919",5200.93
"1920",5187.61
"1921",5312.29
"1922",5396.04
"1923",5505.04
"1924",5522.78
"1925",5500.06
"1926",5483.83
"1927",5437.76
"1928",5480.07
"1929",5403.35
"1930",5372.46
"1931",5321.46
"1932",5295.02
"1933",5336.5
"1934",5316.52
"1935",5262.59
"1936",5254.41
"1937",5284.34
"1938",5112.39
"1939",5050.79
"1940",4960.42
"1941",4905.49
"1942",5007.35
"1943",5011.2
"1944",5095.15
"1945",5149.93
"1946",5209.71
"1947",5168.76
"1948",5096.8
"1949",5065.51
"1950",5052.75
"1951",4971.4
"1952",4899.67
"1953",4993.74
"1954",5011.19
"1955",4907.76
"1956",4947.08
"1957",5124.89
"1958",5034.23
"1959",5154.86
"1960",5344.93
"1961",5338.17
"1962",5333.09
"1963",5335.51
"1964",5453.74
"1965",5414.61
"1966",5311.7
"1967",5250.09
"1968",5382.7
"1969",5559.15
"1970",5610.95
"1971",5649.75
"1972",5787.23
"1973",5860.59
"1974",6005.13
"1975",6002.12
"1976",5899.65
"1977",5750.25
"1978",5628.83
"1979",5819.88
"1980",5906.7
"1981",5776.02
"1982",5804.84
"1983",5932.11
"1984",6055.47
"1985",6088.89
"1986",6124.04
"1987",6039.04
"1988",5959.36
"1989",5914.77
"1990",5860.86
"1991",5725.41
"1992",5729.96
"1993",5560.42
"1994",5411.19
"1995",5463.9
"1996",5509.23
"1997",5506.06
"1998",5489.07
"1999",5482.43
"2000",5447.36
"2001",5458.58
"2002",5427.17
"2003",5324.44
"2004",5276.77
"2005",5192.3
"2006",5395.04
"2007",5356.86
"2008",5405.36
"2009",5412.32
"2010",5337.93
"2011",5357.93
"2012",5327.54
"2013",5235.16
"2014",5186.53
"2015",5204.53
"2016",5209.51
"2017",5192.06
"2018",5125.36
"2019",5050.38
"2020",4999.2
"2021",4982.98
"2022",4906
"2023",4814.37
"2024",4845.02
"2025",4916.31
"2026",4876.85
"2027",4872.55
"2028",4769.62
"2029",4768.89
"2030",4711.32
"2031",4687.44
"2032",4629.97
"2033",4562.69
"2034",4431.85
"2035",4502.3
"2036",4476.63
"2037",4450.19
"2038",4357.34
"2039",4371.51
"2040",4325.38
"2041",4284.83
"2042",4220.32
"2043",4062.12
"2044",3947.33
"2045",3971.61
"2046",3919.78
"2047",3931.87
"2048",3935.51
"2049",3925.6
"2050",3879.29
"2051",3929.42
"2052",3900.9
"2053",3785.35
"2054",3778.4
"2055",3916.48
"2056",3906.76
"2057",3859.86
"2058",3919.35
"2059",4113.28
"2060",4090.72
"2061",3976.19
"2062",4131.13
"2063",4249.43
"2064",4256.54
"2065",4312
"2066",4280.85
"2067",4267.74
"2068",4152.54
"2069",4179.73
"2070",4193.45
"2071",4073.18
"2072",4000.42
"2073",3935.79
"2074",3891.4
"2075",3821.7
"2076",3768.56
"2077",3987.27
"2078",4181.28
"2079",4178.11
"2080",4275.24
"2081",4335.96
"2082",4283.93
"2083",4190.47
"2084",4208.39
"2085",4175.44
"2086",4136.63
"2087",4083.42
"2088",4052.1
"2089",4064.28
"2090",3987.41
"2091",4069.85
"2092",4081.43
"2093",4039.67
"2094",4072.14
"2095",4015.22
"2096",3964.71
"2097",3851.35
"2098",3802.92
"2099",3784.68
"2100",3769.25
"2101",3762.39
"2102",3710.89
"2103",3591.46
"2104",3617.44
"2105",3623.87
"2106",3622.89
"2107",3597.22
"2108",3563.86
"2109",3532.86
"2110",3497.52
"2111",3444.37
"2112",3399.52
"2113",3334.22
"2114",3326.92
"2115",3308.15
"2116",3292.58
"2117",3253.44
"2118",3212.39
"2119",3273.73
"2120",3180.33
"2121",3145.04
"2122",3123.18
"2123",3085.32
"2124",3099.82
"2125",3057.71
"2126",3033.02
"2127",3038
"2128",2979.71
"2129",2955.46
"2130",2934.45
"2131",2966.19
"2132",2958.63
"2133",2962.42
"2134",2928.8
"2135",2911.42
"2136",2866.33
"2137",2858.44
"2138",2846.16
"2139",2878.36
"2140",2888.9
"2141",3049.77
"2142",3041.34
"2143",3036.35
"2144",2994.62
"2145",2915.06
"2146",2835.09
"2147",2807.51
"2148",2747.94
"2149",2751.16
"2150",2745.39
"2151",2677.04
"2152",2672.35
"2153",2796.44
"2154",2801.69
"2155",2929.65
"2156",2980.51
"2157",2954.34
"2158",2905.98
"2159",2947.15
"2160",2994.28
"2161",2970.69
"2162",2934.65
"2163",2833.45
"2164",2784.04
"2165",2870.42
"2166",2830.8
"2167",2795.33
"2168",2782.03
"2169",2841.18
"2170",2841.74
"2171",2809.39
"2172",2708.44
"2173",2685.8
"2174",2847.62
"2175",2698.9
"2176",2611.79
"2177",2538.66
"2178",2505.7
"2179",2452.43
"2180",2366.69
"2181",2386.82
"2182",2381.13
"2183",2381.63
"2184",2335.23
"2185",2275.49
"2186",2250.32
"2187",2244.41
"2188",2228.64
"2189",2181.16
"2190",2164.02
"2191",2206.51
"2192",2192.9
"2193",2195.53
"2194",2164.59
"2195",2112.58
"2196",2102.06
"2197",2059.73
"2198",2051.49
"2199",2049.54
"2200",2057.91
"2201",2071.24
"2202",2062.8
"2203",2037.74
"2204",2018
"2205",1972.61
"2206",1976.05
"2207",1923.14
"2208",1888.43
"2209",1905.9
"2210",1920.18
"2211",1899.1
"2212",1886.26
"2213",1897.41
"2214",1886.52
"2215",1873.66
"2216",1857.15
"2217",1855.89
"2218",1839.32
"2219",1815.61
"2220",1842.73
"2221",1816.76
"2222",1825.61
"2223",1805.27
"2224",1797.43
"2225",1801.33
"2226",1799.29
"2227",1787.74
"2228",1777.6
"2229",1789.18
"2230",1792.87
"2231",1792.24
"2232",1792.76
"2233",1793.14
"2234",1786.11
"2235",1755.69
"2236",1740.79
"2237",1725.5
"2238",1721.58
"2239",1732.28
"2240",1746.62
"2241",1743.63
"2242",1737.73
"2243",1743.02
"2244",1733.41
"2245",1722.66
"2246",1696.62
"2247",1713.99
"2248",1699.59
"2249",1675.09
"2250",1671.31
"2251",1683.89
"2252",1672.26
"2253",1669.9
"2254",1657.69
"2255",1660.52
"2256",1661.47
"2257",1656.23
"2258",1667.53
"2259",1651.29
"2260",1630.05
"2261",1623.17
"2262",1621.4
"2263",1619.07
"2264",1602.13
"2265",1614.37
"2266",1612.41
"2267",1616.45
"2268",1596.65
"2269",1611.66
"2270",1610.76
"2271",1606.94
"2272",1585.17
"2273",1581.75
"2274",1570.05
"2275",1612.1
"2276",1609.43
"2277",1608.78
"2278",1625.04
"2279",1659.54
"2280",1678.53
"2281",1701.61
"2282",1691.43
"2283",1690.61
"2284",1667.62
"2285",1669.29
"2286",1658.05
"2287",1681.77
"2288",1684.67
"2289",1684.34
"2290",1676.75
"2291",1737.6
"2292",1753.28
"2293",1746.72
"2294",1737.03
"2295",1750.03
"2296",1742.2
"2297",1757.47
"2298",1702.66
"2299",1697.83
"2300",1690.95
"2301",1672.1
"2302",1642.35
"2303",1642.57
"2304",1635.8
"2305",1608.11
"2306",1605.25
"2307",1617.71
"2308",1592.83
"2309",1591.85
"2310",1574.48
"2311",1551.3
"2312",1540.64
"2313",1570.1
"2314",1566.45
"2315",1594.44
"2316",1596.12
"2317",1678.24
"2318",1692.83
"2319",1685.29
"2320",1695.58
"2321",1684.71
"2322",1667.23
"2323",1663.93
"2324",1648.84
"2325",1614.55
"2326",1598.56
"2327",1634.59
"2328",1648.53
"2329",1674.22
"2330",1664.61
"2331",1630.07
"2332",1640.7
"2333",1678.6
"2334",1664.94
"2335",1603.21
"2336",1583.76
"2337",1554.03
"2338",1532.75
"2339",1497.2
"2340",1444.71
"2341",1424.47
"2342",1426.63
"2343",1409.27
"2344",1429.06
"2345",1419.89
"2346",1404.19
"2347",1399.55
"2348",1391.38
"2349",1383.65
"2350",1360.09
"2351",1364.32
"2352",1364.69
"2353",1366.52
"2354",1359.41
"2355",1345.29
"2356",1348.52
"2357",1341.5
"2358",1330.11
"2359",1319.49
"2360",1298.75
"2361",1308.5
"2362",1313.13
"2363",1302.65
"2364",1296.59
"2365",1308.06
"2366",1302.79
"2367",1296.91
"2368",1297.61
"2369",1288.97
"2370",1276.63
"2371",1277.19
"2372",1275.52
"2373",1262.75
"2374",1260.07
"2375",1253.91
"2376",1253.76
"2377",1258.24
"2378",1288.26
"2379",1296.85
"2380",1295.41
"2381",1307.64
"2382",1308.2
"2383",1299.47
"2384",1304.61
"2385",1297.34
"2386",1289.94
"2387",1297.94
"2388",1288.55
"2389",1279.42
"2390",1280.04
"2391",1298.5
"2392",1301
"2393",1286.42
"2394",1284.95
"2395",1284.1
"2396",1288.97
"2397",1291.74
"2398",1297.4
"2399",1287.67
"2400",1260.17
"2401",1262.09
"2402",1257.35
"2403",1258.7
"2404",1251.96
"2405",1234.53
"2406",1209.02
"2407",1221.39
"2408",1231.22
"2409",1227.3
"2410",1223.56
"2411",1220.76
"2412",1217.31
"2413",1215.54
"2414",1197.84
"2415",1181
"2416",1173.06
"2417",1169.87
"2418",1157.2
"2419",1158.16
"2420",1159.78
"2421",1144.94
"2422",1136
"2423",1142.39
"2424",1136.39
"2425",1134.5
"2426",1127.94
"2427",1134.85
"2428",1127.63
"2429",1119.42
"2430",1118.53
"2431",1114.58
"2432",1106.34
"2433",1100.05
"2434",1089.59
"2435",1093.1
"2436",1102.76
"2437",1104.56
"2438",1099.58
"2439",1110.31
"2440",1119.35
"2441",1115.08
"2442",1117.94
"2443",1106.48
"2444",1119.69
"2445",1122.88
"2446",1122.61
"2447",1098.68
"2448",1096.3
"2449",1099.03
"2450",1089.71
"2451",1094.31
"2452",1106.94
"2453",1117.06
"2454",1111.12
"2455",1100.95
"2456",1100.43
"2457",1111.44
"2458",1108.88
"2459",1094.15
"2460",1096.15
"2461",1102.02
"2462",1101.27
"2463",1119.43
"2464",1140.17
"2465",1143.46
"2466",1145.99
"2467",1136.31
"2468",1150.59
"2469",1142.04
"2470",1138.38
"2471",1154.32
"2472",1165.36
"2473",1165.67
"2474",1157.3
"2475",1153.67
"2476",1158.7
"2477",1155.78
"2478",1142.49
"2479",1157.8
"2480",1155.6
"2481",1164.6
"2482",1185.69
"2483",1210.85
"2484",1223.57
"2485",1220.97
"2486",1217.76
"2487",1218.94
"2488",1217.41
"2489",1207.4
"2490",1191.93
"2491",1204.46
"2492",1201.46
"2493",1194.59
"2494",1201.82
"2495",1196.87
"2496",1188.91
"2497",1185.76
"2498",1163.52
"2499",1153.77
"2500",1172.01
"2501",1174.54
"2502",1172.69
"2503",1171.43
"2504",1159.63
"2505",1162.04
"2506",1157.37
"2507",1201.76
"2508",1193.57
"2509",1192.92
"2510",1187.8
"2511",1192.05
"2512",1184.26
"2513",1165.13
"2514",1152.94
"2515",1146.73
"2516",1129.07
"2517",1108.16
"2518",1120.68
"2519",1104.04
"2520",1094.15
"2521",1088.48
"2522",1097.63
"2523",1090.19
"2524",1078.06
"2525",1048.97
"2526",1054.64
"2527",1022.04
"2528",1025.1
"2529",1020.68
"2530",1023.38
"2531",1046.36
"2532",1049.88
"2533",1045.94
"2534",1048.92
"2535",1043.21
"2536",1036.41
"2537",1044.05
"2538",1044.78
"2539",1047.82
"2540",1050.24
"2541",1077.31
"2542",1103.48
"2543",1113.52
"2544",1120.95
"2545",1129.96
"2546",1102.23
"2547",1106.75
"2548",1103.25
"2549",1115.67
"2550",1115.86
"2551",1094.67
"2552",1086.35
"2553",1090.46
"2554",1119.68
"2555",1112.1
"2556",1130.55
"2557",1146.42
"2558",1118.69
"2559",1055.63
"2560",1034.85
"2561",1019.92
"2562",1036.73
"2563",1063.52
"2564",1070.5
"2565",1063.95
"2566",1068.21
"2567",1077.44
"2568",1082.18
"2569",1078.1
"2570",1095.31
"2571",1108.61
"2572",1107.23
"2573",1108.84
"2574",1108.18
"2575",1105.4
"2576",1120.17
"2577",1122.92
"2578",1140.17
"2579",1135.8
"2580",1165.39
"2581",1170.2
"2582",1172.71
"2583",1166.2
"2584",1169.15
"2585",1166.34
"2586",1177.89
"2587",1190.54
"2588",1198.96
"2589",1202.49
"2590",1212.39
"2591",1229.68
"2592",1253.6
"2593",1254.32
"2594",1239.13
"2595",1252.81
"2596",1249.2
"2597",1248.06
"2598",1220.42
"2599",1209.34
"2600",1218.28
"2601",1237.8
"2602",1181.53
"2603",1192.45
"2604",1209.23
"2605",1204.85
"2606",1211.16
"2607",1208.61
"2608",1218.01
"2609",1231.68
"2610",1232.82
"2611",1248.03
"2612",1257.79
"2613",1268.19
"2614",1293.26
"2615",1304.11
"2616",1292.53
"2617",1316.9
"2618",1326.08
"2619",1318.9
"2620",1296.88
"2621",1299.6
"2622",1295.25
"2623",1316.72
"2624",1308.76
"2625",1315.14
"2626",1328.53
"2627",1310.97
"2628",1316.59
"2629",1312.53
"2630",1284.94
"2631",1278.62
"2632",1280.03
"2633",1291.47
"2634",1274.12
"2635",1269.16
"2636",1253.16
"2637",1203.07
"2638",1210.76
"2639",1226.3
"2640",1241.14
"2641",1254.23
"2642",1254.87
"2643",1265.95
"2644",1237.91
"2645",1213.96
"2646",1225.08
"2647",1226.04
"2648",1236.4
"2649",1268.86
"2650",1259.5
"2651",1257.19
"2652",1260.87
"2653",1252.72
"2654",1256.31
"2655",1252.74
"2656",1258.58
"2657",1260.78
"2658",1280.83
"2659",1280.57
"2660",1285.55
"2661",1283.63
"2662",1292.31
"2663",1290.66
"2664",1308.59
"2665",1307.73
"2666",1285.71
"2667",1286.07
"2668",1303.94
"2669",1317.62
"2670",1317.82
"2671",1315.89
"2672",1314.4
"2673",1340.37
"2674",1352.46
"2675",1337.87
"2676",1340.88
"2677",1342.83
"2678",1343.71
"2679",1334.06
"2680",1342.55
"2681",1341.48
"2682",1354.58
"2683",1362.49
"2684",1362.16
"2685",1380.77
"2686",1383.79
"2687",1387.34
"2688",1380.08
"2689",1368.06
"2690",1370.79
"2691",1376.19
"2692",1370.62
"2693",1360.33
"2694",1379.86
"2695",1360.71
"2696",1313.15
"2697",1307.62
"2698",1315.94
"2699",1338.26
"2700",1327.5
"2701",1306.28
"2702",1323.1
"2703",1337.28
"2704",1356.63
"2705",1343.03
"2706",1325.2
"2707",1346.88
"2708",1330.56
"2709",1340.96
"2710",1337.72
"2711",1361.81
"2712",1341.78
"2713",1340.12
"2714",1387.36
"2715",1393.65
"2716",1410.61
"2717",1437.57
"2718",1423.2
"2719",1420.05
"2720",1438.98
"2721",1438.05
"2722",1466.4
"2723",1496.21
"2724",1464.98
"2725",1451.41
"2726",1467.54
"2727",1463.79
"2728",1415.64
"2729",1377.99
"2730",1374.04
"2731",1305.73
"2732",1285.32
"2733",1287.75
"2734",1307.47
"2735",1323.26
"2736",1325.68
"2737",1326.87
"2738",1333.22
"2739",1328.61
"2740",1340.77
"2741",1360.75
"2742",1322.23
"2743",1337.73
"2744",1340.95
"2745",1346.97
"2746",1347.15
"2747",1339.94
"2748",1349.48
"2749",1357.27
"2750",1371.23
"2751",1364.41
"2752",1369.87
"2753",1377.82
"2754",1378.79
"2755",1401.25
"2756",1404.72
"2757",1397.59
"2758",1400.95
"2759",1413.08
"2760",1424.55
"2761",1378.2
"2762",1383.08
"2763",1409.12
"2764",1407.36
"2765",1397.17
"2766",1395.31
"2767",1401.88
"2768",1408.46
"2769",1449.69
"2770",1452.86
"2771",1457.29
"2772",1465.84
"2773",1458.39
"2774",1422.26
"2775",1408.99
"2776",1403.14
"2777",1426.25
"2778",1451.75
"2779",1440.64
"2780",1448.96
"2781",1466.78
"2782",1444.93
"2783",1447.61
"2784",1445.1
"2785",1415.84
"2786",1409.38
"2787",1397.52
"2788",1434.47
"2789",1447.39
"2790",1450.11
"2791",1456.13
"2792",1434.2
"2793",1442.48
"2794",1478.49
"2795",1491.69
"2796",1469.57
"2797",1471.45
"2798",1499.46
"2799",1478.17
"2800",1497.18
"2801",1519.99
"2802",1538.5
"2803",1549.5
"2804",1566.83
"2805",1580.57
"2806",1579.82
"2807",1556.79
"2808",1561
"2809",1559.55
"2810",1529.91
"2811",1549.59
"2812",1562.33
"2813",1559.86
"2814",1571.3
"2815",1575.38
"2816",1555.86
"2817",1562.39
"2818",1597.32
"2819",1606.07
"2820",1604.42
"2821",1570.76
"2822",1603.07
"2823",1599.56
"2824",1613.56
"2825",1615.14
"2826",1640.7
"2827",1644.5
"2828",1653.99
"2829",1659.79
"2830",1675.36
"2831",1682.05
"2832",1698.69
"2833",1694.56
"2834",1705.02
"2835",1716.82
"2836",1734.92
"2837",1729.62
"2838",1778.22
"2839",1778.1
"2840",1783.01
"2841",1777.74
"2842",1774.12
"2843",1771.67
"2844",1758.98
"2845",1745.7
"2846",1727.18
"2847",1740.31
"2848",1741.57
"2849",1751.81
"2850",1752.42
"2851",1755.33
"2852",1760.08
"2853",1748.19
"2854",1755.1
"2855",1750.71
"2856",1747.98
"2857",1738.98
"2858",1699.25
"2859",1698.78
"2860",1678.4
"2861",1659.65
"2862",1665.73
"2863",1675.03
"2864",1670.16
"2865",1688.94
"2866",1694.82
"2867",1690.07
"2868",1675.32
"2869",1655.3
"2870",1700.5
"2871",1683.04
"2872",1730.28
"2873",1722.57
"2874",1728.02
"2875",1719.89
"2876",1710.86
"2877",1697.26
"2878",1672.44
"2879",1693.01
"2880",1692.9
"2881",1715.46
"2882",1703.77
"2883",1705.91
"2884",1693.9
"2885",1685.77
"2886",1650.24
"2887",1650.29
"2888",1634.41
"2889",1629.18
"2890",1604.76
"2891",1601.41
"2892",1613.15
"2893",1627.49
"2894",1619.09
"2895",1618.76
"2896",1616.58
"2897",1595
"2898",1589.08
"2899",1568.82
"2900",1526.24
"2901",1516.52
"2902",1513.73
"2903",1512.98
"2904",1516.48
"2905",1525.3
"2906",1514.32
"2907",1507.04
"2908",1493.54
"2909",1470.21
"2910",1458.67
"2911",1480.43
"2912",1469.12
"2913",1474.67
"2914",1472.86
"2915",1475.38
"2916",1469.71
"2917",1443.61
"2918",1459.48
"2919",1456.87
"2920",1454.32
"2921",1462.07
"2922",1444.57
"2923",1432.82
"2924",1401.46
"2925",1415.74
"2926",1413.77
"2927",1423.58
"2928",1404.25
"2929",1394.57
"2930",1377.12
"2931",1341.56
"2932",1336.1
"2933",1333.41
"2934",1331.42
"2935",1324.98
"2936",1341.58
"2937",1350.39
"2938",1340.87
"2939",1353.45
"2940",1385.84
"2941",1396.86
"2942",1412.91
"2943",1367.34
"2944",1364.66
"2945",1360.07
"2946",1375.91
"2947",1382.6
"2948",1383.6
"2949",1389.88
"2950",1407.39
"2951",1403.1
"2952",1364.61
"2953",1370.49
"2954",1375.66
"2955",1382.53
"2956",1401.54
"2957",1400.75
"2958",1411.88
"2959",1406
"2960",1379.99
"2961",1373.08
"2962",1371.07
"2963",1369.48
"2964",1377.87
"2965",1394.74
"2966",1396.95
"2967",1390.35
"2968",1395.07
"2969",1395.6
"2970",1395.2
"2971",1406.37
"2972",1406.72
"2973",1416.08
"2974",1426.81
"2975",1429.56
"2976",1424.77
"2977",1429.71
"2978",1429.56
"2979",1446.98
"2980",1453.43
"2981",1451.23
"2982",1456.55
"2983",1450.04
"2984",1422.35
"2985",1428.35
"2986",1432.35
"2987",1428.41
"2988",1434.21
"2989",1446.28
"2990",1442.86
"2991",1450.47
"2992",1453.45
"2993",1451.67
"2994",1457.63
"2995",1475.02
"2996",1481.12
"2997",1484.59
"2998",1474.72
"2999",1487.41
"3000",1497.1
"3001",1493.39
"3002",1497.01
"3003",1494.42
"3004",1478.36
"3005",1482.6
"3006",1483.07
"3007",1480.58
"3008",1474.74
"3009",1502.64
"3010",1503.38
"3011",1505.31
"3012",1510.31
"3013",1504.71
"3014",1539.06
"3015",1540.19
"3016",1529.82
"3017",1531
"3018",1529.33
"3019",1535.98
"3020",1532.19
"3021",1513.28
"3022",1513.55
"3023",1503.81
"3024",1510.17
"3025",1507.71
"3026",1499.97
"3027",1502.57
"3028",1500.97
"3029",1516.87
"3030",1517.21
"3031",1515.92
"3032",1515.84
"3033",1524.91
"3034",1542.42
"3035",1557.38
"3036",1565.92
"3037",1564.95
"3038",1569.55
"3039",1572.41
"3040",1569.13
"3041",1566.9
"3042",1541.39
"3043",1548.14
"3044",1557.76
"3045",1575.64
"3046",1574.77
"3047",1582.41
"3048",1578.87
"3049",1581.61
"3050",1568.54
"3051",1576.62
"3052",1575.63
"3053",1574.39
"3054",1571.69
"3055",1546.39
"3056",1547.31
"3057",1553.85
"3058",1563.11
"3059",1560.72
"3060",1555.56
"3061",1523.32
"3062",1534.8
"3063",1536.89
"3064",1539.57
"3065",1535.88
"3066",1538.59
"3067",1513.33
"3068",1542.11
"3069",1569.79
"3070",1575.8
"3071",1598.58
"3072",1620.81
"3073",1621.23
"3074",1649.6
"3075",1632.09
"3076",1616.65
"3077",1581.7
"3078",1559.87
"3079",1545.34
"3080",1523.95
"3081",1530.37
"3082",1521.78
"3083",1522.67
"3084",1525.77
"3085",1525.24
"3086",1511.22
"3087",1508.26
"3088",1507.67
"3089",1465.43
"3090",1478.41
"3091",1477.97
"3092",1475.81
"3093",1477.25
"3094",1475.84
"3095",1479
"3096",1469.53
"3097",1471.5
"3098",1477.86
"3099",1475.29
"3100",1473.96
"3101",1496.16
"3102",1502.43
"3103",1517.35
"3104",1524.12
"3105",1529.75
"3106",1525.7
"3107",1514.5
"3108",1524.75
"3109",1515.46
"3110",1511.65
"3111",1488.07
"3112",1508.13
"3113",1517.77
"3114",1511.13
"3115",1500.29
"3116",1514.64
"3117",1515.26
"3118",1519.29
"3119",1510.99
"3120",1492.89
"3121",1499.64
"3122",1508.59
"3123",1502.43
"3124",1500.38
"3125",1483.56
"3126",1470.33
"3127",1463.94
"3128",1489.55
"3129",1482.94
"3130",1492.72
"3131",1486.06
"3132",1485.8
"3133",1476.91
"3134",1391.19
"3135",1411.37
"3136",1402.29
"3137",1373.12
"3138",1346.82
"3139",1334.89
"3140",1323.63
"3141",1351.34
"3142",1370.53
"3143",1379.75
"3144",1389.33
"3145",1420
"3146",1433.79
"3147",1431.12
"3148",1439.85
"3149",1431.36
"3150",1414.29
"3151",1424.48
"3152",1418.21
"3153",1409.94
"3154",1401.6
"3155",1399.77
"3156",1383.15
"3157",1406.9
"3158",1410.79
"3159",1417
"3160",1411.89
"3161",1432.9
"3162",1409.89
"3163",1432.03
"3164",1450.19
"3165",1417.85
"3166",1384
"3167",1408.79
"3168",1403.51
"3169",1409
"3170",1421.23
"3171",1459.21
"3172",1464.76
"3173",1468.33
"3174",1481.22
"3175",1489.14
"3176",1491.24
"3177",1517.72
"3178",1526.13
"3179",1573.1
"3180",1559.82
"3181",1559.23
"3182",1565.23
"3183",1532.23
"3184",1511.1
"3185",1521.87
"3186",1513.46
"3187",1511.77
"3188",1518.6
"3189",1542.59
"3190",1550.43
"3191",1550.09
"3192",1553.87
"3193",1525.26
"3194",1523.83
"3195",1538.79
"3196",1548.53
"3197",1534.58
"3198",1532.63
"3199",1536.87
"3200",1542.56
"3201",1571.52
"3202",1577.05
"3203",1591.84
"3204",1599.98
"3205",1602.35
"3206",1602.29
"3207",1604.3
"3208",1618.2
"3209",1623.65
"3210",1605.22
"3211",1612.02
"3212",1624.14
"3213",1626.07
"3214",1631.67
"3215",1626.84
"3216",1627.35
"3217",1628.45
"3218",1644.8
"3219",1662.9
"3220",1675.97
"3221",1680.28
"3222",1669.91
"3223",1669.14
"3224",1680.17
"3225",1683.51
"3226",1680.06
"3227",1682.32
"3228",1688.12
"3229",1696.28
"3230",1677.95
"3231",1673.92
"3232",1650.09
"3233",1652.98
"3234",1647.07
"3235",1647.09
"3236",1642.41
"3237",1642.59
"3238",1658.77
"3239",1675.3
"3240",1670.81
"3241",1679.81
"3242",1661.58
"3243",1662.72
"3244",1659.97
"3245",1671.48
"3246",1672.12
"3247",1665.96
"3248",1670.23
"3249",1682.89
"3250",1679.66
"3251",1684.66
"3252",1712.33
"3253",1714.09
"3254",1711.69
"3255",1702.24
"3256",1704.77
"3257",1697.38
"3258",1706.44
"3259",1712.2
"3260",1729.73
"3261",1741.92
"3262",1737.86
"3263",1722.48
"3264",1735.83
"3265",1736.08
"3266",1725.89
"3267",1740.38
"3268",1747.23
"3269",1730.67
"3270",1719.08
"3271",1748.89
"3272",1709.07
"3273",1564.92
"3274",1528.36
"3275",1524.01
"3276",1527.77
"3277",1496.84
"3278",1508.65
"3279",1529.44
"3280",1531.75
"3281",1534.38
"3282",1529.38
"3283",1540.83
"3284",1532.74
"3285",1491.07
"3286",1498.05
"3287",1510.26
"3288",1532.03
"3289",1530.77
"3290",1558.15
"3291",1569.41
"3292",1562.63
"3293",1574.13
"3294",1585.74
"3295",1591.03
"3296",1599.11
"3297",1564.98
"3298",1570.15
"3299",1592.24
"3300",1618.14
"3301",1629.88
"3302",1634.92
"3303",1652.29
"3304",1659.25
"3305",1670.92
"3306",1673.75
"3307",1667.16
"3308",1643.15
"3309",1616.76
"3310",1626.39
"3311",1634.86
"3312",1637.19
"3313",1635.53
"3314",1646.25
"3315",1649.43
"3316",1654.74
"3317",1664.52
"3318",1664.42
"3319",1680.3
"3320",1677.94
"3321",1671.86
"3322",1643.68
"3323",1657.09
"3324",1643.54
"3325",1603.8
"3326",1610.73
"3327",1609.92
"3328",1648.09
"3329",1666.52
"3330",1655.18
"3331",1675.21
"3332",1677.05
"3333",1684.46
"3334",1693.87
"3335",1686.11
"3336",1665.62
"3337",1657.68
"3338",1676.51
"3339",1665.79
"3340",1655.63
"3341",1672.04
"3342",1664.52
"3343",1645.29
"3344",1613.26
"3345",1594.67
"3346",1566.07
"3347",1527.4
"3348",1521.57
"3349",1544.39
"3350",1544.92
"3351",1531.72
"3352",1544.57
"3353",1530.13
"3354",1521.03
"3355",1521.56
"3356",1522.32
"3357",1513.67
"3358",1507.64
"3359",1501.33
"3360",1408.05
"3361",1396.11
"3362",1448.6
"3363",1464.9
"3364",1478.54
"3365",1445.7
"3366",1400.76
"3367",1412.21
"3368",1434.97
"3369",1476.38
"3370",1482.18
"3371",1491.7
"3372",1519.93
"3373",1574.27
"3374",1580.01
"3375",1580.72
"3376",1607.72
"3377",1605.74
"3378",1643.5
"3379",1649.8
"3380",1639.85
"3381",1644.41
"3382",1634.33
"3383",1613.6
"3384",1640.14
"3385",1640.79
"3386",1669.48
"3387",1693.18
"3388",1687.77
"3389",1680.84
"3390",1692.91
"3391",1720.55
"3392",1728.83
"3393",1748.98
"3394",1748.97
"3395",1756.47
"3396",1754.77
"3397",1776.02
"3398",1770.36
"3399",1767.44
"3400",1748
"3401",1741.74
"3402",1741.67
"3403",1722.62
"3404",1710.13
"3405",1721.97
"3406",1715.93
"3407",1707.93
"3408",1703.74
"3409",1669.99
"3410",1734.67
"3411",1624.81
"3412",1627.97
"3413",1623.45
"3414",1637.33
"3415",1637.9
"3416",1605.9
"3417",1669.46
"3418",1685.52
"3419",1688.31
"3420",1711.74
"3421",1717.74
"3422",1689.17
"3423",1704.48
"3424",1701.12
"3425",1681.9
"3426",1708.03
"3427",1744.92
"3428",1670.74
"3429",1563.4
"3430",1610.45
"3431",1651.11
"3432",1661.88
"3433",1691.65
"3434",1703.59
"3435",1700.71
"3436",1693.22
"3437",1744.64
"3438",1751.07
"3439",1773.8
"3440",1774.3
"3441",1779.13
"3442",1793.67
"3443",1813.31
"3444",1808.7
"3445",1821.34
"3446",1836.79
"3447",1822.97
"3448",1817.56
"3449",1816.26
"3450",1846.02
"3451",1857.86
"3452",1858.69
"3453",1871.13
"3454",1858.2
"3455",1858.24
"3456",1876.47
"3457",1888.9
"3458",1862.4
"3459",1831.8
"3460",1846.94
"3461",1846.54
"3462",1865.48
"3463",1843.44
"3464",1881.31
"3465",1912.19
"3466",1903.47
"3467",1935.56
"3468",1947.4
"3469",1937.16
"3470",1928.14
"3471",1950.46
"3472",1949.16
"3473",1960.95
"3474",1963.14
"3475",1956.4
"3476",1924.65
"3477",1907.95
"3478",1911.21
"3479",1953.45
"3480",1965.32
"3481",1990.7
"3482",1986.94
"3483",1978.1
"3484",2056.77
"3485",2101.15
"3486",2116.56
"3487",2140.5
"3488",2162.75
"3489",2185.86
"3490",2179.77
"3491",2150.27
"3492",2147.84
"3493",2146.03
"3494",2183.52
"3495",2178.02
"3496",2168.4
"3497",2192.52
"3498",2189.8
"3499",2175.17
"3500",2187.24
"3501",2204.26
"3502",2216.22
"3503",2211.86
"3504",2223.21
"3505",2225.35
"3506",2237.49
"3507",2237.52
"3508",2236.78
"3509",2230.22
"3510",2206.51
"3511",2189.23
"3512",2180.73
"3513",2174.21
"3514",2214.11
"3515",2212.09
"3516",2245.44
"3517",2242.42
"3518",2223.3
"3519",2226.61
"3520",2229.41
"3521",2242.69
"3522",2241.09
"3523",2235.5
"3524",2229.06
"3525",2223.26
"3526",2222.65
"3527",2211.21
"3528",2188.76
"3529",2194.83
"3530",2204.24
"3531",2202.84
"3532",2213.4
"3533",2218.45
"3534",2213.75
"3535",2203.37
"3536",2205.01
"3537",2199.54
"3538",2191.07
"3539",2178.7
"3540",2155.42
"3541",2147.34
"3542",2142.38
"3543",2138.04
"3544",2122.5
"3545",2120.84
"3546",2125.79
"3547",2170.39
"3548",2166.19
"3549",2157.51
"3550",2179.57
"3551",2175.58
"3552",2179.74
"3553",2177.16
"3554",2168.08
"3555",2145.44
"3556",2141.92
"3557",2134.51
"3558",2128.55
"3559",2117.41
"3560",2122.22
"3561",2112.62
"3562",2128.16
"3563",2129.83
"3564",2126.97
"3565",2112.83
"3566",2111.73
"3567",2112.88
"3568",2107.3
"3569",2089.99
"3570",2093.95
"3571",2087.53
"3572",2066.39
"3573",2045.94
"3574",2036.63
"3575",2024.28
"3576",2027.33
"3577",2018.62
"3578",2012.77
"3579",2015.6
"3580",2015.5
"3581",2002.25
"3582",1996.85
"3583",1990.06
"3584",1993.81
"3585",1987.39
"3586",1968.36
"3587",1965.02
"3588",1962.28
"3589",1953.77
"3590",1936.63
"3591",1922.46
"3592",1948.42
"3593",1980.39
"3594",1969.35
"3595",1942.12
"3596",1966.92
"3597",1966.84
"3598",1974
"3599",1961.81
"3600",1963.33
"3601",1986.9
"3602",1998.25
"3603",1999.73
"3604",2072.55
"3605",2067.88
"3606",2049.36
"3607",2048.7
"3608",2045.95
"3609",2097.09
"3610",2117.73
"3611",2131.37
"3612",2125.67
"3613",2111.1
"3614",2131.98
"3615",2125.38
"3616",2127.42
"3617",2123.9
"3618",2103.54
"3619",2073.88
"3620",2061.05
"3621",2079.76
"3622",2076.41
"3623",2075.21
"3624",2079.97
"3625",2086.94
"3626",2071.31
"3627",2056.76
"3628",2044.56
"3629",2055.61
"3630",2059.27
"3631",2059.6
"3632",2059.05
"3633",2072.48
"3634",2083.27
"3635",2078.14
"3636",2095.44
"3637",2097.29
"3638",2092.32
"3639",2082.03
"3640",2072.29
"3641",2082.9
"3642",2079.48
"3643",2062.81
"3644",2125.41
"3645",2125.72
"3646",2113.35
"3647",2112.91
"3648",2101.4
"3649",2104.7
"3650",2096.05
"3651",2092.65
"3652",2085.12
"3653",2071.69
"3654",2051.34
"3655",2032.52
"3656",2012.99
"3657",1997.08
"3658",1992.88
"3659",1989.11
"3660",1992.86
"3661",1977.37
"3662",1979.99
"3663",1974.24
"3664",1971.79
"3665",1980.63
"3666",1978.99
"3667",1962.13
"3668",1960.86
"3669",1947.47
"3670",1927.37
"3671",1922.85
"3672",1909.49
"3673",1917.56
"3674",1932.32
"3675",1933.33
"3676",1948.01
"3677",1942.17
"3678",1915.5
"3679",1910.49
"3680",1917.06
"3681",1914.11
"3682",1890.67
"3683",1896.72
"3684",1904.57
"3685",1927.52
"3686",1922.3
"3687",1937.37
"3688",1981.13
"3689",1978.47
"3690",1992.37
"3691",1995.32
"3692",1979.32
"3693",1972.08
"3694",1963.89
"3695",1963.23
"3696",1964.27
"3697",2020.85
"3698",2010.6
"3699",2026.35
"3700",2064.76
"3701",2108.1
"3702",2105.63
"3703",2100.7
"3704",2086.72
"3705",2073.95
"3706",2080.14
"3707",2114.52
"3708",2108.88
"3709",2097.32
"3710",2092.33
"3711",2083.47
"3712",2082.74
"3713",2076.33
"3714",2070.3
"3715",2067.75
"3716",2061.28
"3717",2050.07
"3718",2039.42
"3719",2041.28
"3720",2038.65
"3721",2033.19
"3722",2031.93
"3723",2023.57
"3724",2016.94
"3725",2025
"3726",2012.4
"3727",1997.85
"3728",1999.9
"3729",1998.35
"3730",2003.8
"3731",2004.46
"3732",1993.99
"3733",1997.94
"3734",1987.22
"3735",1984.07
"3736",1974.41
"3737",1960.6
"3738",1948.06
"3739",1932.83
"3740",1910.05
"3741",1918.91
"3742",1907.94
"3743",1917.45
"3744",1941.4
"3745",1951.13
"3746",1953.06
"3747",1952.46
"3748",1953.34
"3749",1939.63
"3750",1921.15
"3751",1913.15
"3752",1913.07
"3753",1926.98
"3754",1947.46
"3755",1942.33
"3756",1949.17
"3757",1938.67
"3758",1912.59
"3759",1929.95
"3760",1938.55
"3761",1940.22
"3762",1925.55
"3763",1930.34
"3764",1916.25
"3765",1906.82
"3766",1894.58
"3767",1908.31
"3768",1900.67
"3769",1890.69
"3770",1880.72
"3771",1861.48
"3772",1836.99
"3773",1830.93
"3774",1777.98
"3775",1758.54
"3776",1736.27
"3777",1725.9
"3778",1726.72
"3779",1740.95
"3780",1762.13
"3781",1801.64
"3782",1839.29
"3783",1852.9
"3784",1836.33
"3785",1840.57
"3786",1842.89
"3787",1841.86
"3788",1848.97
"3789",1858.27
"3790",1847.51
"3791",1831.57
"3792",1813.57
"3793",1829.93
"3794",1840.19
"3795",1832.08
"3796",1823.83
"3797",1828.06
"3798",1831.85
"3799",1822.62
"3800",1809.17
"3801",1776.72
"3802",1795.16
"3803",1816.86
"3804",1810.9
"3805",1811.06
"3806",1803.83
"3807",1799.95
"3808",1776.02
"3809",1770.26
"3810",1747.28
"3811",1726.59
"3812",1713.21
"3813",1699.28
"3814",1661.98
"3815",1671.18
"3816",1695.16
"3817",1700.37
"3818",1729.01
"3819",1743.14
"3820",1741.22
"3821",1726.04
"3822",1694.89
"3823",1762.83
"3824",1750.65
"3825",1721.6
"3826",1721.14
"3827",1733.14
"3828",1704.88
"3829",1650.37
"3830",1634.32
"3831",1630.55
"3832",1687.51
"3833",1697.01
"3834",1668.16
"3835",1770.88
"3836",1695.88
"3837",1746.44
"3838",1674.13
"3839",1536.35
"3840",1506.92
"3841",1482.46
"3842",1490.46
"3843",1477.41
"3844",1476.46
"3845",1466.9
"3846",1443.67
"3847",1443.59
"3848",1433.38
"3849",1433.47
"3850",1444.07
"3851",1489.28
"3852",1547.71
"3853",1546.72
"3854",1522.83
"3855",1463.96
"3856",1433.78
"3857",1407.52
"3858",1366.68
"3859",1358.14
"3860",1368.25
"3861",1359.08
"3862",1375.92
"3863",1387.2
"3864",1397.17
"3865",1416.5
"3866",1438.23
"3867",1451.94
"3868",1461.9
"3869",1422.36
"3870",1430.41
"3871",1429.01
"3872",1424.91
"3873",1430.98
"3874",1438.04
"3875",1437.18
"3876",1440.54
"3877",1447.81
"3878",1447.68
"3879",1439.61
"3880",1444.59
"3881",1449.03
"3882",1451.89
"3883",1467.84
"3884",1471.91
"3885",1468.94
"3886",1489.9
"3887",1498.08
"3888",1462.85
"3889",1469.6
"3890",1454.09
"3891",1452.93
"3892",1459.45
"3893",1463.73
"3894",1479.83
"3895",1477.14
"3896",1478.83
"3897",1474.14
"3898",1492.31
"3899",1499.87
"3900",1506.99
"3901",1520.47
"3902",1542.05
"3903",1537.3
"3904",1496.45
"3905",1499.39
"3906",1512.93
"3907",1488.01
"3908",1490.76
"3909",1493.49
"3910",1549.37
"3911",1550.71
"3912",1535.24
"3913",1544.45
"3914",1538.28
"3915",1538.34
"3916",1568.38
"3917",1595.01
"3918",1608.6
"3919",1606.02
"3920",1629.19
"3921",1631.4
"3922",1622.67
"3923",1632.41
"3924",1630.27
"3925",1651.54
"3926",1662.17
"3927",1664.96
"3928",1679.14
"3929",1681.85
"3930",1671.64
"3931",1695.64
"3932",1675.26
"3933",1581.93
"3934",1574.65
"3935",1577.56
"3936",1614.41
"3937",1614.11
"3938",1629.08
"3939",1630.01
"3940",1637.31
"3941",1644.47
"3942",1638.23
"3943",1651.09
"3944",1655.14
"3945",1645
"3946",1651.17
"3947",1645.84
"3948",1582.02
"3949",1596.15
"3950",1570.21
"3951",1591.49
"3952",1594.89
"3953",1607.68
"3954",1623.03
"3955",1651.64
"3956",1656.59
"3957",1658.69
"3958",1649.26
"3959",1626.91
"3960",1622.38
"3961",1605.27
"3962",1615.75
"3963",1609.79
"3964",1607.05
"3965",1607.07
"3966",1597.18
"3967",1606.86
"3968",1626.95
"3969",1574.75
"3970",1509.99
"3971",1547.61
"3972",1567.83
"3973",1559.66
"3974",1547.34
"3975",1589.9
"3976",1594.58
"3977",1591.13
"3978",1568.67
"3979",1580.23
"3980",1630.38
"3981",1620.54
"3982",1678.84
"3983",1756.18
"3984",1742.15
"3985",1693.16
"3986",1705.21
"3987",1654.55
"3988",1606.5
"3989",1564.45
"3990",1546.61
"3991",1516.13
"3992",1501.02
"3993",1460.17
"3994",1477.14
"3995",1427.77
"3996",1376.78
"3997",1382.07
"3998",1350.14
"3999",1341.64
"4000",1326.61
"4001",1288
"4002",1286.91
"4003",1330.28
"4004",1311.6
"4005",1303.48
"4006",1294.64
"4007",1283.03
"4008",1236.14
"4009",1244.84
"4010",1215.22
"4011",1170.14
"4012",1147.73
"4013",1109.12
"4014",1075.65
"4015",1072.17
"4016",1088
"4017",1101.36
"4018",1104.81
"4019",1095.41
"4020",1107.37
"4021",1131.49
"4022",1128.9
"4023",1116.96
"4024",1121.91
"4025",1122.22
"4026",1116.42
"4027",1112.29
"4028",1108.91
"4029",1140.17
"4030",1144.78
"4031",1140.9
"4032",1173.53
"4033",1171.6
"4034",1166.04
"4035",1175.03
"4036",1185.59
"4037",1184.18
"4038",1193.33
"4039",1205.68
"4040",1210.1
"4041",1205.41
"4042",1202.32
"4043",1199.84
"4044",1194.51
"4045",1184.43
"4046",1168.53
"4047",1159.53
"4048",1173.66
"4049",1169.5
"4050",1162.42
"4051",1167.88
"4052",1177.34
"4053",1174.48
"4054",1179.65
"4055",1172.93
"4056",1160.68
"4057",1173.04
"4058",1166.97
"4059",1169.7
"4060",1158.71
"4061",1153.84
"4062",1136.08
"4063",1145.71
"4064",1142.15
"4065",1137.96
"4066",1133.73
"4067",1128.78
"4068",1103.25
"4069",1098.36
"4070",1090.17
"4071",1082.46
"4072",1101.48
"4073",1114.69
"4074",1127.27
"4075",1126.41
"4076",1131.66
"4077",1140.13
"4078",1150.58
"4079",1146.5
"4080",1146.12
"4081",1162.44
"4082",1168.18
"4083",1158.51
"4084",1162.98
"4085",1160.26
"4086",1153.42
"4087",1150.68
"4088",1153.1
"4089",1159.94
"4090",1171.87
"4091",1174.43
"4092",1168.84
"4093",1140.48
"4094",1137.21
"4095",1123.7
"4096",1144.89
"4097",1153.15
"4098",1151.72
"4099",1157.57
"4100",1179
"4101",1178.92
"4102",1171.71
"4103",1187.91
"4104",1185.98
"4105",1163.24
"4106",1167.64
"4107",1180.17
"4108",1195.55
"4109",1194.89
"4110",1214.67
"4111",1214.24
"4112",1224.93
"4113",1225.99
"4114",1223.34
"4115",1237.69
"4116",1234.63
"4117",1239.26
"4118",1236.97
"4119",1251.87
"4120",1247.42
"4121",1259.04
"4122",1262.78
"4123",1283.96
"4124",1282.93
"4125",1278.09
"4126",1279.38
"4127",1284.14
"4128",1292.93
"4129",1300.15
"4130",1293.76
"4131",1285.92
"4132",1295.06
"4133",1288.35
"4134",1288.74
"4135",1283.12
"4136",1267.39
"4137",1253.31
"4138",1240.7
"4139",1236.97
"4140",1223.53
"4141",1225.64
"4142",1229.74
"4143",1226.11
"4144",1218.45
"4145",1215.56
"4146",1230.83
"4147",1216.17
"4148",1243.6
"4149",1251.43
"4150",1256.76
"4151",1263.71
"4152",1254.84
"4153",1247.66
"4154",1257.35
"4155",1247.24
"4156",1241.05
"4157",1228.73
"4158",1219.1
"4159",1237.84
"4160",1246.6
"4161",1242.94
"4162",1239.11
"4163",1239.8
"4164",1221.58
"4165",1232.28
"4166",1233.79
"4167",1229.62
"4168",1222.38
"4169",1233.4
"4170",1264.4
"4171",1252.2
"4172",1245.42
"4173",1239.77
"4174",1225.14
"4175",1219.8
"4176",1190.74
"4177",1185.1
"4178",1178.38
"4179",1169.47
"4180",1151.01
"4181",1149.27
"4182",1163.17
"4183",1150.23
"4184",1146.51
"4185",1154.69
"4186",1182.33
"4187",1179.11
"4188",1190.88
"4189",1178.74
"4190",1149.96
"4191",1126.08
"4192",1094.38
"4193",1152.67
"4194",1202.38
"4195",1205.86
"4196",1207.73
"4197",1241.78
"4198",1262.03
"4199",1292.31
"4200",1312.6
"4201",1307.48
"4202",1299.73
"4203",1315.47
"4204",1319.36
"4205",1318.02
"4206",1321.26
"4207",1324.27
"4208",1328.73
"4209",1330.49
"4210",1316.29
"4211",1312.37
"4212",1318.93
"4213",1311.15
"4214",1330.82
"4215",1337.64
"4216",1341.64
"4217",1361.19
"4218",1363
"4219",1360.64
"4220",1344.43
"4221",1339.16
"4222",1324.41
"4223",1339.68
"4224",1341.73
"4225",1331.65
"4226",1367.15
"4227",1363.59
"4228",1387.19
"4229",1388.55
"4230",1404.05
"4231",1402.14
"4232",1398.71
"4233",1401.51
"4234",1392.88
"4235",1372.12
"4236",1356.66
"4237",1362.59
"4238",1386.99
"4239",1383.47
"4240",1371.15
"4241",1377.83
"4242",1400.35
"4243",1415.18
"4244",1414.36
"4245",1422.98
"4246",1421.12
"4247",1419.58
"4248",1420.55
"4249",1411.35
"4250",1405.58
"4251",1399.54
"4252",1394.44
"4253",1389.66
"4254",1379.89
"4255",1367.72
"4256",1365.1
"4257",1372.87
"4258",1376.38
"4259",1379.13
"4260",1376.3
"4261",1369.3
"4262",1360.06
"4263",1368.03
"4264",1357.6
"4265",1352.55
"4266",1355.66
"4267",1356.06
"4268",1355.52
"4269",1343.46
"4270",1341.58
"4271",1333.09
"4272",1318.8
"4273",1331.86
"4274",1340.25
"4275",1333.07
"4276",1307.86
"4277",1302.98
"4278",1311.73
"4279",1326.42
"4280",1324.71
"4281",1320.91
"4282",1326.3
"4283",1311.53
"4284",1328.79
"4285",1322.83
"4286",1310.29
"4287",1306.38
"4288",1286.11
"4289",1285.03
"4290",1255.01
"4291",1252.24
"4292",1249.44
"4293",1223.93
"4294",1193.82
"4295",1209.77
"4296",1194.06
"4297",1186.86
"4298",1192.32
"4299",1195.83
"4300",1204.74
"4301",1202.84
"4302",1188.62
"4303",1184.96
"4304",1188.28
"4305",1210.53
"4306",1205.83
"4307",1208.62
"4308",1208.98
"4309",1219.28
"4310",1214
"4311",1201.8
"4312",1205.75
"4313",1213.73
"4314",1206.67
"4315",1209.49
"4316",1216.35
"4317",1217.86
"4318",1237.92
"4319",1235.49
"4320",1240.18
"4321",1240.58
"4322",1247.97
"4323",1251.91
"4324",1254.41
"4325",1251.45
"4326",1248.6
"4327",1262.62
"4328",1224.12
"4329",1207.45
"4330",1209.69
"4331",1215.57
"4332",1216.99
"4333",1220.97
"4334",1217.86
"4335",1203.25
"4336",1211.88
"4337",1246.65
"4338",1245
"4339",1250.01
"4340",1244.1
"4341",1233.64
"4342",1220.5
"4343",1195.05
"4344",1193.62
"4345",1198.97
"4346",1194.24
"4347",1181.48
"4348",1173.54
"4349",1176.92
"4350",1169.03
"4351",1161.88
"4352",1159.11
"4353",1169.74
"4354",1174.81
"4355",1168.06
"4356",1165.81
"4357",1159.75
"4358",1158.99
"4359",1148.17
"4360",1143.08
"4361",1144.22
"4362",1137.01
"4363",1130.32
"4364",1139.6
"4365",1139.29
"4366",1139.64
"4367",1141.97
"4368",1143.82
"4369",1131.13
"4370",1150.56
"4371",1169.11
"4372",1189.5
"4373",1191.96
"4374",1193.31
"4375",1213.23
"4376",1208.84
"4377",1185.28
"4378",1193.53
"4379",1187.74
"4380",1202.58
"4381",1195.74
"4382",1203.09
"4383",1194.67
"4384",1190.47
"4385",1185.07
"4386",1181.51
"4387",1207.97
"4388",1188.8
"4389",1241.83
"4390",1235.95
"4391",1179.81
"4392",1186.07
"4393",1203.02
"4394",1192.34
"4395",1191.04
"4396",1180.22
"4397",1151.39
"4398",1129.65
"4399",1118.02
"4400",1138.4
"4401",1131.57
"4402",1138.66
"4403",1140.94
"4404",1102.71
"4405",1105.41
"4406",1100.39
"4407",1106.34
"4408",1118.94
"4409",1130.13
"4410",1110.11
"4411",1105.28
"4412",1185.1
"4413",1185.09
"4414",1181.75
"4415",1191.3
"4416",1193.85
"4417",1211.68
"4418",1247.91
"4419",1264.49
"4420",1256.04
"4421",1257.93
"4422",1257.55
"4423",1253.35
"4424",1253.15
"4425",1243.33
"4426",1232.69
"4427",1230.07
"4428",1223.07
"4429",1216.08
"4430",1199.47
"4431",1194.13
"4432",1184.33
"4433",1174.49
"4434",1165.22
"4435",1144.65
"4436",1143.2
"4437",1139.61
"4438",1174.88
"4439",1168.34
"4440",1153.5
"4441",1183.44
"4442",1206.76
"4443",1216.56
"4444",1199.24
"4445",1197.45
"4446",1207.23
"4447",1201.92
"4448",1194.03
"4449",1192.2
"4450",1179.48
"4451",1161.2
"4452",1167.88
"4453",1177.65
"4454",1200.31
"4455",1223.82
"4456",1208.26
"4457",1218.48
"4458",1210.44
"4459",1203.5
"4460",1204.86
"4461",1201.21
"4462",1185.78
"4463",1155.06
"4464",1137.87
"4465",1122.67
"4466",1115.43
"4467",1163.45
"4468",1163.25
"4469",1194.68
"4470",1261.57
"4471",1291.98
"4472",1295.15
"4473",1311.2
"4474",1304.05
"4475",1322.98
"4476",1292.32
"4477",1250.64
"4478",1254.9
"4479",1263.9
"4480",1269.63
"4481",1244.24
"4482",1229.64
"4483",1244.01
"4484",1285.04
"4485",1282.75
"4486",1314.73
"4487",1369.51
"4488",1363.71
"4489",1344.64
"4490",1336.42
"4491",1285.39
"4492",1282.85
"4493",1288.74
"4494",1281.75
"4495",1275.3
"4496",1263.52
"4497",1300.98
"4498",1389.6
"4499",1386.37
"4500",1350.58
"4501",1394.21
"4502",1425.3
"4503",1447.67
"4504",1501.25
"4505",1510.18
"4506",1469.08
"4507",1504.26
"4508",1499.62
"4509",1483.5
"4510",1448.99
"4511",1396.48
"4512",1376.82
"4513",1381.56
"4514",1386.27
"4515",1386.52
"4516",1380.36
"4517",1368.88
"4518",1365.22
"4519",1338.85
"4520",1331.18
"4521",1338.42
"4522",1326.38
"4523",1325.67
"4524",1283.56
"4525",1299.74
"4526",1286.91
"4527",1278.3
"4528",1276.57
"4529",1269.74
"4530",1246.18
"4531",1249.57
"4532",1246.31
"4533",1234.96
"4534",1219.04
"4535",1228.24
"4536",1215.47
"4537",1201.62
"4538",1196.64
"4539",1167.21
"4540",1168.49
"4541",1170.4
"4542",1177.02
"4543",1159.54
"4544",1125.82
"4545",1131.74
"4546",1126.42
"4547",1109.95
"4548",1100.51
"4549",1086.64
"4550",1079.13
"4551",1072.46
"4552",1070.22
"4553",1063.05
"4554",1040.33
"4555",1038.49
"4556",1031.51
"4557",1028.34
"4558",1032.7
"4559",1017.32
"4560",971.51
"4561",962.69
"4562",999.23
"4563",985.21
"4564",967.9
"4565",962.97
"4566",964.02
"4567",957.88
"4568",959.87
"4569",954.3
"4570",947.55
"4571",942.73
"4572",939.02
"4573",933.36
"4574",921.14
"4575",922.1
"4576",919.42
"4577",929.59
"4578",931.44
"4579",918.51
"4580",914.33
"4581",902.53
"4582",903
"4583",892.02
"4584",922.39
"4585",920.19
"4586",935.97
"4587",938.55
"4588",927.1
"4589",924.33
"4590",897.45
"4591",911.12
"4592",911.59
"4593",898.92
"4594",983.24
"4595",975.96
"4596",943.37
"4597",1005.12
"4598",1175.44
"4599",1254.3
"4600",1258.69
"4601",1244.11
"4602",1250.56
"4603",1220.31
"4604",1215.25
"4605",1170.6
"4606",1177.68
"4607",1134.9
"4608",1037.16
"4609",1002.54
"4610",987.18
"4611",985.13
"4612",976.55
"4613",952.03
"4614",1025.58
"4615",1018.89
"4616",1047.39
"4617",1004.95
"4618",958.62
"4619",957.61
"4620",951.09
"4621",949.25
"4622",933.97
"4623",927.39
"4624",931.6
"4625",928.47
"4626",950.36
"4627",947.88
"4628",962.11
"4629",983.23
"4630",1022.02
"4631",1038.81
"4632",1026.84
"4633",1016.91
"4634",1020.97
"4635",1011.13
"4636",978.98
"4637",964.44
"4638",968.22
"4639",952.45
"4640",953.4
"4641",944.94
"4642",943.55
"4643",912.01
"4644",904.14
"4645",883.62
"4646",882.09
"4647",869.87
"4648",869.65
"4649",891.71
"4650",875.53
"4651",857.44
"4652",858.6
"4653",865.49
"4654",852.04
"4655",805.54
"4656",769.13
"4657",782.73
"4658",785.11
"4659",784.48
"4660",779.07
"4661",784.18
"4662",773.6
"4663",793.22
"4664",799.98
"4665",818.36
"4666",838.67
"4667",813.46
"4668",818.88
"4669",813.57
"4670",809.97
"4671",797.98
"4672",806.36
"4673",787.48
"4674",800.53
"4675",824.89
"4676",842.46
"4677",842.68
"4678",837.58
"4679",852.35
"4680",862.88
"4681",878.57
"4682",879.09
"4683",887.35
"4684",894.86
"4685",880.31
"4686",877.92
"4687",873.03
"4688",862.43
"4689",853.2
"4690",850.59
"4691",843.01
"4692",841.72
"4693",865.5
"4694",855.5
"4695",872.27
"4696",894.21
"4697",894.73
"4698",889.41
"4699",887.07
"4700",857.08
"4701",819.56
"4702",841.41
"4703",823.77
"4704",796.25
"4705",796.41
"4706",822.39
"4707",825.39
"4708",822.51
"4709",807.89
"4710",797.15
"4711",794.85
"4712",786.16
"4713",766.07
"4714",801.05
"4715",811.88
"4716",819.84
"4717",802.04
"4718",788.69
"4719",799.03
"4720",806.1
"4721",802.61
"4722",814.2
"4723",793.6
"4724",780.35
"4725",790.32
"4726",769.3
"4727",774.01
"4728",765.35
"4729",764.63
"4730",739.44
"4731",715.58
"4732",696.97
"4733",656.59
"4734",652.52
"4735",653.22
"4736",650.9
"4737",652.28
"4738",647.06
"4739",642.11
"4740",644.92
"4741",670.25
"4742",672.61
"4743",707.06
"4744",725.16
"4745",712.05
"4746",698.37
"4747",682.05
"4748",672.44
"4749",672.76
"4750",661.47
"4751",669.8
"4752",666.86
"4753",682.62
"4754",672.85
"4755",660.27
"4756",721.66
"4757",738.5
"4758",739.29
"4759",714.56
"4760",686.38
"4761",664.65
"4762",623.77
"4763",627.65
"4764",618.27
"4765",600.28
"4766",597.77
"4767",591.42
"4768",587.92
"4769",593.73
"4770",583.38
"4771",582.3
"4772",580.94
"4773",587.6
"4774",584.18
"4775",564.47
"4776",562.28
"4777",564.99
"4778",573.95
"4779",557.33
"4780",562.44
"4781",562.98
"4782",570.74
"4783",572.75
"4784",571.33
"4785",574.01
"4786",570.48
"4787",571.13
"4788",568.02
"4789",563.5
"4790",564.73
"4791",566.13
"4792",566.3
"4793",575.47
"4794",574.78
"4795",569.33
"4796",583.33
"4797",606.51
"4798",601.98
"4799",553.83
"4800",538.35
"4801",534.18
"4802",530.75
"4803",524.06
"4804",525.43
"4805",524.65
"4806",524.72
"4807",522.67
"4808",537.27
"4809",536.04
"4810",537.17
"4811",538.11
"4812",532.65
"4813",530.17
"4814",527.07
"4815",538.96
"4816",524.33
"4817",522.41
"4818",521
"4819",523.59
"4820",533.41
"4821",548.57
"4822",554.9
"4823",551.91
"4824",549.76
"4825",552.56
"4826",552.31
"4827",559.64
"4828",540.04
"4829",561.36
"4830",558.94
"4831",542.74
"4832",550.26
"4833",561.61
"4834",569.19
"4835",573.87
"4836",580.38
"4837",590.76
"4838",599.71
"4839",606.69
"4840",601.1
"4841",596.35
"4842",600.65
"4843",612.61
"4844",617.86
"4845",631.02
"4846",633.93
"4847",639.29
"4848",643.36
"4849",632.37
"4850",637.32
"4851",638.76
"4852",635.73
"4853",639.49
"4854",652.62
"4855",652.1
"4856",652.57
"4857",658.32
"4858",662.05
"4859",664.86
"4860",679.34
"4861",678.86
"4862",677.11
"4863",682.23
"4864",691.09
"4865",692.2
"4866",691.25
"4867",705.92
"4868",712.19
"4869",714.53
"4870",725.33
"4871",736.91
"4872",736.15
"4873",727.79
"4874",728.35
"4875",727.5
"4876",726.49
"4877",724.57
"4878",735.06
"4879",759.73
"4880",765.48
"4881",727.4
"4882",729.97
"4883",726.29
"4884",720.75
"4885",716.83
"4886",705.6
"4887",706.4
"4888",711.53
"4889",714.86
"4890",710.89
"4891",720.43
"4892",717.99
"4893",729.54
"4894",724.92
"4895",725.2
"4896",722.43
"4897",711.19
"4898",728.21
"4899",729.29
"4900",730.01
"4901",733.81
"4902",731.89
"4903",731.54
"4904",762.18
"4905",758.18
"4906",757.89
"4907",766.06
"4908",767.12
"4909",792.54
"4910",775.45
"4911",758.18
"4912",766.03
"4913",754.2
"4914",751.58
"4915",737.94
"4916",728.85
"4917",723.87
"4918",725.87
"4919",741.65
"4920",728.68
"4921",734.51
"4922",735.42
"4923",744.39
"4924",742.92
"4925",755.44
"4926",773.23
"4927",783.22
"4928",767.71
"4929",773.74
"4930",788.16
"4931",749.53
"4932",741.32
"4933",717.55
"4934",728.51
"4935",718.54
"4936",712.54
"4937",706.65
"4938",733.86
"4939",718.24
"4940",702.44
"4941",702.97
"4942",697.72
"4943",713.04
"4944",712.28
"4945",716.22
"4946",699.19
"4947",696.93
"4948",723.68
"4949",715.47
"4950",700.77
"4951",662.55
"4952",656.15
"4953",652.84
"4954",669.77
"4955",669.06
"4956",666.85
"4957",650.71
"4958",637.4
"4959",620.62
"4960",623.19
"4961",641.6
"4962",650.82
"4963",649.48
"4964",659.78
"4965",654.78
"4966",650.82
"4967",653.92
"4968",651.81
"4969",647.37
"4970",641.69
"4971",655.34
"4972",685.46
"4973",701.85
"4974",702.97
"4975",702.17
"4976",709.02
"4977",722.17
"4978",716.54
"4979",690.65
"4980",718.41
"4981",722.3
"4982",708.67
"4983",706.48
"4984",725.8
"4985",724.01
"4986",781.34
"4987",748.23
"4988",770.14
"4989",833.69
"4990",926.41
"4991",855.81
"4992",770.82
"4993",582.96
"4994",584.41
"4995",583.4
"4996",593.5
"4997",572.34
"4998",580.75
"4999",579.56
"5000",575.1
"5001",577.45
"5002",580.46
"5003",586.25
"5004",580.28
"5005",582.02
"5006",598.62
"5007",622.83
"5008",621.53
"5009",630.26
"5010",649.22
"5011",645.35
"5012",631.59
"5013",634.15
"5014",642.82
"5015",640.56
"5016",651.02
"5017",649.21
"5018",665.04
"5019",681.15
"5020",677.66
"5021",659.09
"5022",664.95
"5023",660.79
"5024",660.61
"5025",648.04
"5026",645.32
"5027",637.35
"5028",631.83
"5029",631.7
"5030",613.59
"5031",620.34
"5032",613.76
"5033",593.16
"5034",604.96
"5035",593.97
"5036",579.88
"5037",591.49
"5038",599.9
"5039",597.18
"5040",600.51
"5041",624.25
"5042",639.01
"5043",635.24
"5044",616.76
"5045",580.39
"5046",564.64
"5047",559.48
"5048",558.42
"5049",591.43
"5050",594.92
"5051",608.58
"5052",594.81
"5053",541.14
"5054",540.86
"5055",537.91
"5056",542.82
"5057",548.59
"5058",552.85
"5059",550.26
"5060",558.95
"5061",553.36
"5062",537.54
"5063",536.63
"5064",559.84
"5065",564.51
"5066",555.26
"5067",558.58
"5068",559.34
"5069",565.04
"5070",578.53
"5071",593.1
"5072",593.65
"5073",595.02
"5074",591.32
"5075",601.07
"5076",615.47
"5077",615.21
"5078",617.6
"5079",637.55
"5080",643.89
"5081",657.45
"5082",655.51
"5083",647.71
"5084",651.35
"5085",658.29
"5086",662.95
"5087",681.3
"5088",689.13
"5089",695.22
"5090",676.13
"5091",691.81
"5092",674.8
"5093",685.47
"5094",693.76
"5095",671.01
"5096",633.06
"5097",640.13
"5098",636.35
"5099",647.84
"5100",654.65
"5101",658.57
"5102",658.94
"5103",675.42
"5104",685.47
"5105",684.72
"5106",689.96
"5107",687.56
"5108",683.94
"5109",701.31
"5110",684.02
"5111",691.61
"5112",705.25
"5113",703.59
"5114",698.82
"5115",709.89
"5116",712.38
"5117",724.39
"5118",739.56
"5119",731.16
"5120",743.22
"5121",724.72
"5122",735.83
"5123",678.45
"5124",717.65
"5125",722.6
"5126",672.12
"5127",675.66
"5128",665.1
"5129",702.92
"5130",703.62
"5131",730.8
"5132",794.85
"5133",785.95
"5134",746.9
"5135",718.99
"5136",654.06
"5137",630.16
"5138",633.16
"5139",666.92
"5140",706.76
"5141",725.67
"5142",721.66
"5143",727.47
"5144",759.8
"5145",736.29
"5146",775.85
"5147",835.5
"5148",922.29
"5149",913.29
"5150",886.96
"5151",884.27
"5152",912.95
"5153",974.25
"5154",969.03
"5155",933.28
"5156",970.06
"5157",992.39
"5158",991.12
"5159",1041.43
"5160",1052.94
"5161",1023.3
"5162",997.67
"5163",998.55
"5164",1016.38
"5165",1008.01
"5166",940.76
"5167",830.2
"5168",813.42
"5169",787.22
"5170",763.07
"5171",717.95
"5172",728.76
"5173",724.15
"5174",727.41
"5175",714.62
"5176",697.55
"5177",760.27
"5178",772.32
"5179",725.04
"5180",713.9
"5181",691.22
"5182",731.02
"5183",768.08
"5184",739.66
"5185",705.08
"5186",754.67
"5187",683.04
"5188",592.98
"5189",523.03
"5190",494.81
"5191",448.91
"5192",338.96
"5193",367.72
"5194",392.17
"5195",388.8
"5196",375.39
"5197",378.23
"5198",390.99
"5199",402.59
"5200",403.49
"5201",406.64
"5202",431.05
"5203",440.59
"5204",437.66
"5205",431.15
"5206",436.54
"5207",438.06
"5208",430.58
"5209",445.05
"5210",443.86
"5211",446.86
"5212",469.43
"5213",471.18
"5214",475.38
"5215",472.95
"5216",483.9
"5217",500.5
"5218",507.92
"5219",509.19
"5220",501.24
"5221",531.11
"5222",528.45
"5223",506.4
"5224",498.71
"5225",497.8
"5226",505.68
"5227",521.84
"5228",536.89
"5229",535.52
"5230",541.25
"5231",549.66
"5232",555.39
"5233",548.12
"5234",556.9
"5235",556.28
"5236",565.87
"5237",574.78
"5238",587.16
"5239",592.85
"5240",590.52
"5241",597.15
"5242",597.72
"5243",590.63
"5244",591.61
"5245",594.98
"5246",597.12
"5247",590.4
"5248",593.7
"5249",606.73
"5250",595.42
"5251",588.38
"5252",592.75
"5253",609.85
"5254",620.94
"5255",605.77
"5256",610.95
"5257",616.09
"5258",598.58
"5259",579.91
"5260",572.39
"5261",599.01
"5262",588
"5263",563.24
"5264",600.66
"5265",619.53
"5266",630.83
"5267",654.57
"5268",674.5
"5269",665.81
"5270",670.27
"5271",680.57
"5272",684.55
"5273",683.48
"5274",698.59
"5275",700.21
"5276",705.41
"5277",713.6
"5278",714.1
"5279",711.48
"5280",709.19
"5281",737.16
"5282",735.49
"5283",740.38
"5284",739.32
"5285",757.55
"5286",781.18
"5287",807.52
"5288",793.87
"5289",800.94
"5290",788.42
"5291",717.95
"5292",741.44
"5293",722.04
"5294",728.76
"5295",718.79
"5296",735.97
"5297",745.71
"5298",760.44
"5299",775.68
"5300",795.2
"5301",787.67
"5302",761.41
"5303",769.96
"5304",772.82
"5305",769.94
"5306",771.8
"5307",774.48
"5308",779.25
"5309",777.42
"5310",818.57
"5311",797.88
"5312",792.52
"5313",772.2
"5314",770.28
"5315",781.74
"5316",818.34
"5317",819.79
"5318",828.4
"5319",842.04
"5320",839.2
"5321",815.75
"5322",804.25
"5323",835.08
"5324",859.3
"5325",868.88
"5326",900.99
"5327",899.14
"5328",900.23
"5329",907.09
"5330",900.3
"5331",883.99
"5332",869.33
"5333",847.05
"5334",836.97
"5335",840.65
"5336",834.86
"5337",835.21
"5338",839.56
"5339",854.65
"5340",843.97
"5341",845.07
"5342",839.41
"5343",852.63
"5344",840.34
"5345",836.04
"5346",913.33
"5347",948.36
"5348",940.61
"5349",953.67
"5350",982.38
"5351",994.48
"5352",1016.78
"5353",1044.85
"5354",1022.34
"5355",1004.01
"5356",982.1
"5357",980.94
"5358",993.74
"5359",990.4
"5360",974.85
"5361",1011.76
"5362",992.89
"5363",963.62
"5364",971.46
"5365",954.35
"5366",924.67
"5367",903.28
"5368",894.96
"5369",891.43
"5370",893.42
"5371",868.91
"5372",851.44
"5373",856.77
"5374",846.15
"5375",836.99
"5376",816.4
"5377",806.66
"5378",814.74
"5379",824.49
"5380",823.25
"5381",834.79
"5382",829.1
"5383",789.41
"5384",792.43
"5385",797.48
"5386",844.5
"5387",846.43
"5388",846.78
"5389",846.39
"5390",852.82
"5391",862.54
"5392",859.48
"5393",879.29
"5394",875.62
"5395",879.68
"5396",898.9
"5397",934.4
"5398",891.13
"5399",896
"5400",901.37
"5401",896.58
"5402",909.84
"5403",898.15
"5404",884.3
"5405",915.06
"5406",888.82
"5407",892.32
"5408",896.68
"5409",878.23
"5410",883.17
"5411",885.79
"5412",903.24
"5413",879.93
"5414",895.62
"5415",908.91
"5416",914.79
"5417",918.26
"5418",947.12
"5419",947.53
"5420",926.11
"5421",901.39
"5422",900.18
"5423",909.72
"5424",911.18
"5425",903.77
"5426",914.15
"5427",921.21
"5428",902.3
"5429",937.3
"5430",977.39
"5431",980.43
"5432",988.14
"5433",1042.47
"5434",1023.87
"5435",947.26
"5436",917.96
"5437",883.02
"5438",911.77
"5439",887.45
"5440",860.73
"5441",863.94
"5442",855.86
"5443",853.35
"5444",913.15
"5445",901.12
"5446",810.63
"5447",818.06
"5448",798.85
"5449",810.07
"5450",818.55
"5451",815.53
"5452",820.07
"5453",838.34
"5454",849.04
"5455",849.66
"5456",847.3
"5457",870.05
"5458",870.05
"5459",855.5
"5460",896.24
"5461",909.11
"5462",909.93
"5463",938.42
"5464",980.92
"5465",1002.87
"5466",1009.89
"5467",1043.05
"5468",1037.49
"5469",1010.52
"5470",1041.22
"5471",993.8
"5472",991.21
"5473",987.07
"5474",1003.98
"5475",1007.25
"5476",1016.23
"5477",1013.81
"5478",1002.96
"5479",1046.07
"5480",1052.56
"5481",1070.06
"5482",1081.18
"5483",1101.69
"5484",1068.84
"5485",1031.03
"5486",1177.91
"5487",1081.2
"5488",935.9
"5489",980.03
"5490",980.96
"5491",1001.63
"5492",1008.55
"5493",1020.32
"5494",1143.97
"5495",1178.54
"5496",1175.2
"5497",1147.22
"5498",1148.34
"5499",1162.07
"5500",1201.44
"5501",1177.28
"5502",1160.51
"5503",1138.49
"5504",1221.98
"5505",1210.78
"5506",1250.39
"5507",1273.13
"5508",1365.92
"5509",1380.5
"5510",1363.11
"5511",1392.62
"5512",1382.83
"5513",1391.42
"5514",1345.73
"5515",1295.76
"5516",1267.35
"5517",1243.47
"5518",1257.1
"5519",1241.86
"5520",1287.08
"5521",1298.34
"5522",1341.19
"5523",1297.84
"5524",1276.41
"5525",1340.91
"5526",1237.07
"5527",1158.74
"5528",1064.87
"5529",947.9
"5530",968.05
"5531",949.77
"5532",957.94
"5533",992.11
"5534",1047.88
"5535",1039.76
"5536",965.96
"5537",996.58
"5538",1035.63
"5539",1179.05
"5540",1207.56
"5541",1206.59
"5542",1239.33
"5543",1222.55
"5544",1241.04
"5545",1286.07
"5546",1261.8
"5547",1190.33
"5548",1209.66
"5549",1325.49
"5550",1180.58
"5551",1244.65
"5552",1267.54
"5553",1285.17
"5554",1339.1
"5555",1444.05
"5556",1421.35
"5557",1346.48
"5558",1466.07
"5559",1527.13
"5560",1514.46
"5561",1538.61
"5562",1533.58
"5563",1558.95
"5564",1536.82
"5565",1458.76
"5566",1497.01
"5567",1528.51
"5568",1483.52
"5569",1393.34
"5570",1404.64
"5571",1371.58
"5572",1326.19
"5573",1325.24
"5574",1278.5
"5575",1198.48
"5576",1186.21
"5577",1162.44
"5578",1109.59
"5579",1077.82
"5580",1050.11
"5581",1064.08
"5582",1078.03
"5583",1099.83
"5584",1088.6
"5585",1024.05
"5586",1028.43
"5587",977.42
"5588",893.86
"5589",868.97
"5590",883.42
"5591",859.19
"5592",816.64
"5593",784.03
"5594",777.43
"5595",769.61
"5596",772.29
"5597",781.36
"5598",758.59
"5599",736.27
"5600",731.9
"5601",731.68
"5602",721.26
"5603",707.82
"5604",690.25
"5605",713.9
"5606",748.19
"5607",735.62
"5608",693.41
"5609",752.89
"5610",811.57
"5611",803.12
"5612",841.02
"5613",826.06
"5614",722.2
"5615",749.89
"5616",727.13
"5617",682.4
"5618",752.32
"5619",571.63
"5620",448.44
"5621",410.57
"5622",401.44
"5623",412.23
"5624",407.61
"5625",399.08
"5626",415.64
"5627",421.67
"5628",416.22
"5629",410.16
"5630",428.34
"5631",459.04
"5632",468.59
"5633",470.89
"5634",481.6
"5635",487.07
"5636",508.81
"5637",507.25
"5638",484.51
"5639",470.98
"5640",506.28
"5641",561.5
"5642",577.52
"5643",584.91
"5644",616.29
"5645",663.65
"5646",667.46
"5647",668.57
"5648",667
"5649",673.94
"5650",701.3
"5651",713.77
"5652",668.73
"5653",671.67
"5654",676.84
"5655",692.62
"5656",702.32
"5657",710.63
"5658",728.42
"5659",729.79
"5660",735.75
"5661",735.49
"5662",725.59
"5663",736.9
"5664",760.13
"5665",761.72
"5666",779.56
"5667",776.68
"5668",751.22
"5669",793.36
"5670",789.18
"5671",695.18
"5672",643.77
"5673",702.83
"5674",788.15
"5675",776.18
"5676",781.33
"5677",826.68
"5678",832.84
"5679",848.4
"5680",866.98
"5681",880.02
"5682",877.25
"5683",887.49
"5684",920.85
"5685",938.37
"5686",946.73
"5687",951.16
"5688",999.69
"5689",940.76
"5690",900.51
"5691",890.06
"5692",843.3
"5693",961.61
"5694",1006.64
"5695",1006.11
"5696",1010.76
"5697",1038.3
"5698",1036.33
"5699",1060.36
"5700",1052.07
"5701",1087.36
"5702",1108.06
"5703",1148.63
"5704",1178.81
"5705",1178.9
"5706",1033.75
"5707",1081.81
"5708",1096.49
"5709",1126.96
"5710",1134.32
"5711",1214.83
"5712",1135.57
"5713",1139.96
"5714",1198.9
"5715",1192.98
"5716",1187.18
"5717",1211.27
"5718",1206.91
"5719",1215.24
"5720",1193.39
"5721",1198.66
"5722",1215.13
"5723",1193.16
"5724",1173.49
"5725",1207.82
"5726",1160.23
"5727",1158.17
"5728",1172.46
"5729",1180.21
"5730",1171.94
"5731",1172.86
"5732",1186.59
"5733",1135.61
"5734",1181.86
"5735",1178.3
"5736",1188.68
"5737",1206.51
"5738",1144.39
"5739",1121.41
"5740",1143.07
"5741",1118.93
"5742",1141.02
"5743",1184.28
"5744",1249.58
"5745",1253.37
"5746",1184.18
"5747",1285.61
"5748",1429.01
"5749",1428.79
"5750",1349.71
"5751",1334.98
"5752",623.88
"5753",598.11
"5754",571.85
"5755",544.56
"5756",523.5
"5757",517.86
"5758",506.68
"5759",490.19
"5760",468.42
"5761",457.05
"5762",454.08
"5763",455.36
"5764",456.24
"5765",448.94
"5766",446.12
"5767",436.31
"5768",424.92
"5769",415.05
"5770",408.86
"5771",410.06
"5772",421.55
"5773",420.99
"5774",414.42
"5775",410.61
"5776",406.72
"5777",400.61
"5778",392.28
"5779",382.04
"5780",382.88
"5781",382.59
"5782",382.1
"5783",382.08
"5784",381.57
"5785",381.58
"5786",381.85
"5787",382.06
"5788",381.56
"5789",380.79
"5790",379.34
"5791",379.02
"5792",379.5
"5793",379.04
"5794",378.03
"5795",377.96
"5796",378.32
"5797",377.84
"5798",377.42
"5799",377.19
"5800",377.57
"5801",376.25
"5802",375.23
"5803",374.06
"5804",371.76
"5805",369.88
"5806",368.28
"5807",367.25
"5808",365.39
"5809",364.67
"5810",363.03
"5811",360.76
"5812",361.29
"5813",361.62
"5814",359.93
"5815",348.01
"5816",342.41
"5817",339.16
"5818",319.77
"5819",319.68
"5820",317.57
"5821",316.44
"5822",316.43
"5823",315.56
"5824",314.72
"5825",314.18
"5826",313.24
"5827",312.73
"5828",312.58
"5829",311.84
"5830",311.61
"5831",309.05
"5832",308.53
"5833",307.95
"5834",307.87
"5835",307.39
"5836",307.38
"5837",306.85
"5838",306.63
"5839",305.74
"5840",303.06
"5841",301.83
"5842",300.62
"5843",299.66
"5844",298.77
"5845",297.68
"5846",296.52
"5847",293.75
"5848",292.75
"5849",291.71
"5850",290.85
"5851",288.03
"5852",287.15
"5853",286.22
"5854",285.65
"5855",282.83
"5856",280.17
"5857",279.51
"5858",278.68
"5859",277.85
"5860",277
"5861",274.41
"5862",273.71
"5863",272.91
"5864",270.27
"5865",269.35
"5866",266.66
"5867",265.77
"5868",264.81
"5869",262.19
"5870",259.85
"5871",257.35
"5872",255.45
"5873",252.97
"5874",250.85
"5875",248.53
"5876",246.31
"5877",244.5
"5878",242.24
"5879",240.62
"5880",238.25
"5881",237.45
"5882",236.67
"5883",235.8
"5884",233.55
"5885",231.22
"5886",228.93
"5887",226.88
"5888",224.65
"5889",222.77
"5890",220.72
"5891",218.6
"5892",216.43
"5893",215.78
"5894",213.98
"5895",211.97
"5896",210.2
"5897",208.25
"5898",206.53
"5899",204.53
"5900",202.51
"5901",200.51
"5902",198.57
"5903",196.61
"5904",194.69
"5905",192.88
"5906",191.01
"5907",189.12
"5908",187.61
"5909",186
"5910",184.29
"5911",182.48
"5912",181.95
"5913",183.89
"5914",183.19
"5915",184.08
"5916",185.04
"5917",185.92
"5918",187.21
"5919",189.21
"5920",188.59
"5921",191.18
"5922",189.66
"5923",188.04
"5924",187.4
"5925",187.29
"5926",190.98
"5927",189.24
"5928",187.36
"5929",185.51
"5930",183.69
"5931",181.97
"5932",180.22
"5933",178.43
"5934",176.66
"5935",174.92
"5936",173.19
"5937",171.51
"5938",169.81
"5939",168.16
"5940",166.49
"5941",164.84
"5942",163.21
"5943",161.6
"5944",160.21
"5945",158.63
"5946",157.07
"5947",155.54
"5948",154.1
"5949",152.61
"5950",151.12
"5951",149.62
"5952",148.15
"5953",146.68
"5954",145.24
"5955",143.8
"5956",142.45
"5957",141.72
"5958",141.46
"5959",141.01
"5960",140.74
"5961",139.39
"5962",138.07
"5963",138.54
"5964",137.17
"5965",135.81
"5966",134.47
"5967",134.1
"5968",133.38
"5969",133.99
"5970",135.6
"5971",136.57
"5972",135.28
"5973",137.68
"5974",136.63
"5975",135.96
"5976",135.96
"5977",138.62
"5978",137.56
"5979",136.19
"5980",134.83
"5981",133.49
"5982",132.17
"5983",130.86
"5984",129.57
"5985",128.29
"5986",127.03
"5987",125.77
"5988",126.34
"5989",125.34
"5990",124.11
"5991",122.89
"5992",121.67
"5993",120.47
"5994",119.33
"5995",118.17
"5996",117.12
"5997",115.97
"5998",114.83
"5999",113.82
"6000",112.75
"6001",111.68
"6002",111.07
"6003",110.08
"6004",109.16
"6005",109.82
"6006",108.89
"6007",107.82
"6008",106.75
"6009",105.86
"6010",106.6
"6011",107.84
"6012",107.88
"6013",109.4
"6014",110.12
"6015",110.82
"6016",110.9
"6017",112.41
"6018",113.17
"6019",113.2
"6020",114.87
"6021",116.29
"6022",116.31
"6023",115.79
"6024",116.19
"6025",116.63
"6026",117.08
"6027",117.5
"6028",117.93
"6029",118.34
"6030",118.77
"6031",119.22
"6032",119.65
"6033",120.16
"6034",120.62
"6035",121.1
"6036",121.11
"6037",121.73
"6038",122.2
"6039",121.71
"6040",121.29
"6041",120.73
"6042",120.61
"6043",121.15
"6044",121.64
"6045",122.14
"6046",122.62
"6047",123.12
"6048",123.66
"6049",124.21
"6050",124.71
"6051",125.17
"6052",125.62
"6053",126.15
"6054",128.77
"6055",129.31
"6056",129.89
"6057",130.41
"6058",130.94
"6059",130.95
"6060",131.99
"6061",132.09
"6062",132.53
"6063",133.52
"6064",133.98
"6065",134.44
"6066",134.87
"6067",134.87
"6068",134.28
"6069",133.67
"6070",133.14
"6071",132.53
"6072",131.93
"6073",131.56
"6074",130.97
"6075",130.39
"6076",129.79
"6077",129.15
"6078",128.58
"6079",129.58
"6080",129.97
"6081",130.46
"6082",130.95
"6083",130.97
"6084",131.55
"6085",132.07
"6086",133.17
"6087",133.72
"6088",134.24
"6089",134.24
"6090",134.25
"6091",134.25
"6092",134.74
"6093",134.74
"6094",135.19
"6095",134.61
"6096",133.97
"6097",133.34
"6098",132.68
"6099",132.06
"6100",131.44
"6101",130.14
"6102",128.84
"6103",127.61
"6104",126.45
"6105",125.28
"6106",125.27
"6107",120.25
"6108",114.55
"6109",109.13
"6110",104.39
"6111",99.98
